2026-06-30T23:47:47.837,timestamp_ms,temp_C,pressure_Pa,altitude_m,ax_ms2,ay_ms2,az_ms2,gx_rads,gy_rads,gz_rads,angleX_deg,angleY_deg,angleZ_deg,latitude,longitude,distance_m,uva_uwcm2,uvb_uwcm2,uvc_uwcm2,medical_triggered
2026-06-30T23:48:07.030,3788349,25.54,101827.6,-10.58,-6.651,-64.062,-3.347,0.321,0.278,0.31,-79.127,1.502,-2289.685,55.435249,-5.685896,434976.59,0,0,0,1
2026-06-30T23:48:07.030,3788428,25.54,101822.48,-10.16,5.902,-63.98,-10.872,0.164,0.275,0.214,-78.81,2.587,-2288.715,55.435249,-5.685896,434976.59,0,0,0,1
2026-06-30T23:48:07.031,3788506,25.54,101814.94,-9.53,0.96,-64.617,-9.565,0.238,0.236,0.517,-78.158,3.551,-2286.404,55.435249,-5.685896,434976.59,0,0,0,1
2026-06-30T23:48:07.032,3788662,25.54,101795.69,-7.93,-0.536,-63.135,-8.25,0.151,0.377,0.502,-77.225,6.788,-2281.917,55.435249,-5.685896,434976.59,0,0,0,1
2026-06-30T23:48:07.033,3788740,25.54,101781.81,-6.78,-0.038,-62.625,-8.133,0.115,0.407,0.526,-77.127,8.437,-2279.565,55.435249,-5.685896,434976.59,0,0,0,1
2026-06-30T23:48:07.033,3788818,25.54,101763.91,-5.3,0.364,-62.307,-7.954,0.081,0.456,0.545,-77.17,10.283,-2277.098,55.435249,-5.685896,434976.59,0,0,0,1
2026-06-30T23:48:07.034,3788897,25.54,101743.27,-3.59,0.702,-61.938,-7.843,0.047,0.466,0.522,-77.367,12.107,-2274.764,55.435249,-5.685896,434976.59,0,0,0,1
2026-06-30T23:48:07.035,3789218,25.53,101603.97,7.97,2.224,-60.116,-7.082,0.005,0.058,0.132,-77.668,12.865,-2272.333,55.435249,-5.685896,434976.59,0,0,0,1
2026-06-30T23:48:07.036,3789296,25.53,101562.76,11.39,2.468,-59.482,-6.914,0.002,-0.114,0.001,-78.036,12.062,-2272.328,55.435249,-5.685896,434976.59,0,0,0,1
2026-06-30T23:48:07.036,3789453,25.53,101474.27,18.74,2.219,-57.727,-6.498,-0.025,-0.359,-0.197,-78.92,8.58,-2273.768,55.435249,-5.685896,434976.59,0,0,0,1
2026-06-30T23:48:07.037,3789531,25.53,101426.89,22.68,1.884,-56.623,-6.105,-0.068,-0.245,-0.212,-79.561,7.296,-2274.718,55.435249,-5.685896,434976.59,0,0,0,1
2026-06-30T23:48:07.038,3789740,25.53,101272.38,35.53,0.706,-54.37,-4.781,-0.147,0.213,-0.102,-81.59,9.637,-2275.933,55.435249,-5.685896,434976.59,0,0,0,1
2026-06-30T23:48:07.039,3789818,25.53,101215.1,40.3,0.472,-53.199,-4.199,-0.108,0.23,-0.047,-82.32,10.44,-2276.143,55.435249,-5.685896,434976.59,0,0,0,1
2026-06-30T23:48:07.040,3789897,25.52,101155.41,45.27,0.251,-52.749,-4.051,-0.035,0.19,0.02,-82.718,11.07,-2276.052,55.435238,-5.685852,434976.69,0,0,0,1
2026-06-30T23:48:07.040,3790218,25.52,100886.52,67.7,1.185,-42.308,-3.56,0.075,0.868,0.264,-81.601,26.464,-2271.205,55.435238,-5.685852,434976.69,0,0,0,1
2026-06-30T23:48:07.041,3790296,25.52,100811.75,73.94,1.506,-25.297,-1.269,0.058,1.146,0.277,-81.571,30.886,-2269.966,55.435238,-5.685852,434976.69,0,0,0,1
2026-06-30T23:48:07.041,3790453,25.52,100655.95,86.97,1.506,-5.069,0.874,0.149,1.559,0.241,-80.582,42.115,-2267.752,55.435238,-5.685852,434976.69,0,0,0,1
2026-06-30T23:48:07.042,3790531,25.52,100535.97,97.01,1.235,-1.532,0.587,0.215,1.605,0.242,-79.412,47.561,-2266.67,55.435238,-5.685852,434976.69,0,0,0,1
2026-06-30T23:48:07.043,3790672,25.52,100413.85,107.24,1.255,2.947,0.113,0.273,1.328,0.26,-73.908,56.663,-2264.569,55.435238,-5.685852,434976.69,0,0,0,1
2026-06-30T23:48:07.044,3790751,25.52,100329.3,114.33,2.066,3.144,-0.496,0.265,1.463,0.276,-69.273,61.361,-2263.32,55.435238,-5.685852,434976.69,0,0,0,1
2026-06-30T23:48:07.045,3790829,25.52,100241.34,121.7,2.052,2.725,-0.737,0.159,1.649,0.28,-65.09,66.635,-2262.069,55.435238,-5.685852,434976.69,0,0,0,1
2026-06-30T23:48:07.045,3790907,25.52,100108.84,132.83,2.284,3.361,-0.673,0.066,1.883,0.257,-61.47,72.983,-2260.907,55.435162,-5.685383,434982.16,0,0,0,1
2026-06-30T23:48:07.046,3791223,25.52,99765.61,161.71,1.19,2.945,0.591,0.074,2.154,0.174,-57.353,109.186,-2257.766,55.435162,-5.685383,434982.16,0,0,0,1
2026-06-30T23:48:07.046,3791302,25.52,99682.46,168.72,0.84,2.636,0.553,0.091,1.944,0.167,-54.24,115.279,-2257.01,55.435162,-5.685383,434982.16,0,0,0,1
2026-06-30T23:48:07.047,3791458,25.52,99516.09,182.75,0.555,2.665,0.366,0.082,1.653,0.172,-48.153,125.139,-2255.488,55.435162,-5.685383,434982.16,0,0,0,1
2026-06-30T23:48:07.048,3791537,25.52,99432.3,189.83,0.527,2.519,0.467,0.056,1.564,0.173,-45.353,129.34,-2254.704,55.435162,-5.685383,434982.16,0,0,0,1
2026-06-30T23:48:07.049,3791686,25.52,99267.59,203.75,0.551,2.191,0.536,0.005,1.448,0.153,-42.881,138.591,-2253.401,55.435162,-5.685383,434982.16,0,0,0,1
2026-06-30T23:48:07.050,3791764,25.52,99186.59,210.6,0.503,2.018,0.632,0.001,1.385,0.126,-40.569,141.618,-2252.837,55.435162,-5.685383,434982.16,0,0,0,1
2026-06-30T23:48:07.050,3791843,25.52,99106.27,217.41,0.474,1.937,0.73,0.005,1.337,0.109,-38.348,144.458,-2252.345,55.434944,-5.684796,434976.91,0,0,0,1
2026-06-30T23:48:07.051,3791921,25.52,99026.93,227.46,0.28,2.112,0.876,0.032,1.28,0.108,-36.093,147.037,-2251.864,55.434944,-5.684796,434976.91,0,0,0,1
2026-06-30T23:48:07.051,3792237,25.52,98675.36,253.97,0.5,2.289,0.735,0.07,1.106,0.146,-32.689,163.487,-2249.225,55.434944,-5.684796,434976.91,0,0,0,1
2026-06-30T23:48:07.052,3792315,25.52,98599,260.46,0.505,2.272,0.699,0.064,1.087,0.135,-30.295,164.736,-2248.623,55.434944,-5.684796,434976.91,0,0,0,1
2026-06-30T23:48:07.053,3792394,25.52,98523.14,266.92,0.618,2.193,0.678,0.05,1.053,0.119,-28.01,165.813,-2248.085,55.434944,-5.684796,434976.91,0,0,0,1
2026-06-30T23:48:07.054,3792550,25.52,98373.23,279.68,0.642,2.136,0.819,0.055,0.989,0.063,-23.674,167.326,-2247.405,55.434944,-5.684796,434976.91,0,0,0,1
2026-06-30T23:48:07.054,3792708,25.52,98228.38,292.03,0.467,2.04,0.836,0.081,0.951,0.05,-21.125,172.177,-2246.951,55.434944,-5.684796,434976.91,0,0,0,1
2026-06-30T23:48:07.055,3792866,25.52,98050.45,307.23,0.302,1.968,0.8,0.105,0.916,0.093,-16.701,173.185,-2246.236,55.434772,-5.684192,434976.69,0,0,0,1
2026-06-30T23:48:07.056,3792944,25.52,97980.88,313.17,0.302,1.915,0.8,0.11,0.908,0.119,-14.539,173.535,-2245.703,55.434772,-5.684192,434976.69,0,0,0,1
2026-06-30T23:48:07.056,3793260,25.52,97709.72,336.38,0.541,1.733,0.831,0.098,0.851,0.123,-11.221,184.841,-2243.479,55.434772,-5.684192,434976.69,0,0,0,1
2026-06-30T23:48:07.057,3793338,25.52,97644.11,342,0.558,1.721,0.785,0.102,0.833,0.104,-9.241,184.465,-2243.014,55.434772,-5.684192,434976.69,0,0,0,1
2026-06-30T23:48:07.058,3793417,25.52,97579.31,347.56,0.565,1.702,0.766,0.111,0.813,0.096,-7.247,184.046,-2242.581,55.434772,-5.684192,434976.69,0,0,0,1
2026-06-30T23:48:07.059,3793495,25.52,97515.19,353.06,0.541,1.642,0.702,0.117,0.804,0.087,-5.251,183.551,-2242.193,55.434772,-5.684192,434976.69,0,0,0,1
2026-06-30T23:48:07.059,3793783,25.52,97265.77,374.49,0.407,1.535,0.678,0.11,0.785,0.088,-0.63,188.404,-2240.772,55.434772,-5.684192,434976.69,0,0,0,1
2026-06-30T23:48:07.060,3793862,25.52,97205.09,379.71,0.393,1.532,0.539,0.104,0.79,0.099,1.259,187.867,-2240.324,55.434734,-5.684066,434976.38,0,0,0,1
2026-06-30T23:48:07.060,3793940,25.52,97145.43,384.84,0.407,1.472,0.551,0.078,0.794,0.111,2.966,187.296,-2239.827,55.434734,-5.684066,434976.38,0,0,0,1
2026-06-30T23:48:07.061,3794256,25.52,96885.08,407.28,0.388,1.319,0.692,0.047,0.782,0.113,4.99,197.14,-2237.777,55.434734,-5.684066,434976.38,0,0,0,1
2026-06-30T23:48:07.062,3794335,25.52,96829.86,412.04,0.419,1.283,0.711,0.058,0.769,0.119,6.365,196.29,-2237.24,55.434734,-5.684066,434976.38,0,0,0,1
2026-06-30T23:48:07.063,3794413,25.52,96775.63,416.72,0.424,1.238,0.797,0.07,0.76,0.122,7.689,195.373,-2236.696,55.434734,-5.684066,434976.38,0,0,0,1
2026-06-30T23:48:07.064,3794492,25.52,96721.74,421.38,0.373,1.199,0.804,0.088,0.747,0.121,9.047,194.489,-2236.15,55.434734,-5.684066,434976.38,0,0,0,1
2026-06-30T23:48:07.064,3794649,25.52,96617.17,430.42,0.433,1.152,0.783,0.119,0.733,0.125,11.905,192.544,-2235.024,55.434734,-5.684066,434976.38,0,0,0,1
2026-06-30T23:48:07.065,3794843,25.52,96489.78,441.44,0.347,1.101,0.711,0.142,0.71,0.135,14.354,196.128,-2233.522,55.434734,-5.684066,434976.38,0,0,0,1
2026-06-30T23:48:07.065,3794922,25.52,96440.01,445.75,0.385,1.099,0.673,0.145,0.705,0.143,15.883,195,-2232.875,55.434734,-5.684066,434976.38,0,0,0,1
2026-06-30T23:48:07.066,3795238,25.52,96222.23,464.62,0.39,0.998,0.532,0.094,0.699,0.15,18.474,203.121,-2230.163,55.434734,-5.684066,434976.38,0,0,0,1
2026-06-30T23:48:07.067,3795316,25.52,96176.09,468.63,0.417,0.972,0.522,0.08,0.7,0.148,19.689,201.711,-2229.5,55.434734,-5.684066,434976.38,0,0,0,1
2026-06-30T23:48:07.068,3795395,25.52,96130.78,472.56,0.429,0.958,0.534,0.066,0.702,0.145,20.805,200.363,-2228.844,55.434734,-5.684066,434976.38,0,0,0,1
2026-06-30T23:48:07.068,3795552,25.52,96042.55,480.22,0.378,0.905,0.551,0.048,0.706,0.141,22.746,197.804,-2227.576,55.434734,-5.684066,434976.38,0,0,0,1
2026-06-30T23:48:07.069,3795630,25.52,95999.21,483.99,0.362,0.876,0.579,0.043,0.703,0.143,23.612,196.549,-2226.936,55.434734,-5.684066,434976.38,0,0,0,1
2026-06-30T23:48:07.070,3795708,25.52,95955.88,487.76,0.34,0.85,0.656,0.041,0.702,0.143,24.368,195.383,-2226.29,55.434734,-5.684066,434976.38,0,0,0,1
2026-06-30T23:48:07.070,3795859,25.52,95872.34,495.02,0.297,0.821,0.634,0.051,0.688,0.155,25.353,196.912,-2224.966,55.434734,-5.684066,434976.38,0,0,0,1
2026-06-30T23:48:07.071,3795937,25.52,95831.31,498.59,0.304,0.792,0.627,0.053,0.683,0.164,26.115,195.667,-2224.225,55.434502,-5.683133,434979.28,0,0,0,1
2026-06-30T23:48:07.072,3796253,25.52,95655.27,513.93,0.292,0.735,0.515,0.025,0.69,0.216,27.137,203.633,-2220.322,55.434502,-5.683133,434979.28,0,0,0,1
2026-06-30T23:48:07.072,3796331,25.52,95618.2,517.16,0.311,0.728,0.508,0.011,0.693,0.225,27.747,202.21,-2219.315,55.434502,-5.683133,434979.28,0,0,0,1
2026-06-30T23:48:07.073,3796410,25.52,95581.71,520.34,0.359,0.721,0.472,-0.001,0.694,0.23,28.323,200.791,-2218.274,55.434502,-5.683133,434979.28,0,0,0,1
2026-06-30T23:48:07.074,3796566,25.52,95510.87,526.52,0.338,0.654,0.51,-0.025,0.695,0.226,29.107,197.986,-2216.25,55.434502,-5.683133,434979.28,0,0,0,1
2026-06-30T23:48:07.074,3796645,25.52,95476.6,529.51,0.326,0.627,0.5,-0.034,0.694,0.219,29.403,196.662,-2215.259,55.434502,-5.683133,434979.28,0,0,0,1
2026-06-30T23:48:07.075,3796723,25.52,95443.24,532.43,0.385,0.639,0.484,-0.043,0.689,0.211,29.683,195.233,-2214.314,55.434502,-5.683133,434979.28,0,0,0,1
2026-06-30T23:48:07.076,3796924,25.52,95361.2,539.59,0.369,0.579,0.52,-0.057,0.674,0.189,29.411,198.433,-2212.142,55.434502,-5.683133,434979.28,0,0,0,1
2026-06-30T23:48:07.077,3797240,25.52,95225.05,551.5,0.369,0.529,0.515,-0.064,0.642,0.157,28.599,205.323,-2209.305,55.434502,-5.683133,434979.28,0,0,0,1
2026-06-30T23:48:07.078,3797318,25.52,95196.06,554.03,0.362,0.51,0.534,-0.063,0.638,0.151,28.624,203.491,-2208.632,55.434502,-5.683133,434979.28,0,0,0,1
2026-06-30T23:48:07.078,3797396,25.52,95168.06,556.48,0.35,0.515,0.479,-0.063,0.638,0.147,28.712,201.722,-2207.966,55.434502,-5.683133,434979.28,0,0,0,1
2026-06-30T23:48:07.079,3797553,25.52,95114.6,561.16,0.294,0.488,0.433,-0.076,0.648,0.148,28.842,198.321,-2206.642,55.434502,-5.683133,434979.28,0,0,0,1
2026-06-30T23:48:07.079,3797631,25.52,95089.07,563.4,0.299,0.476,0.436,-0.087,0.655,0.151,28.833,196.728,-2205.967,55.434502,-5.683133,434979.28,0,0,0,1
2026-06-30T23:48:07.080,3797710,25.52,95063.2,565.67,0.328,0.453,0.4,-0.098,0.659,0.148,28.793,195.149,-2205.295,55.434502,-5.683133,434979.28,0,0,0,1
2026-06-30T23:48:07.081,3797923,25.52,94990.56,572.03,0.352,0.457,0.4,-0.134,0.671,0.137,28.12,194.149,-2203.581,55.434273,-5.682159,434983.72,0,0,0,1
2026-06-30T23:48:07.082,3798239,25.52,94902.2,579.78,0.412,0.412,0.364,-0.185,0.68,0.096,25.238,201.6,-2201.834,55.434273,-5.682159,434983.72,0,0,0,1
2026-06-30T23:48:07.083,3798317,25.52,94881.78,581.57,0.397,0.424,0.376,-0.196,0.682,0.084,24.841,199.852,-2201.458,55.434273,-5.682159,434983.72,0,0,0,1
2026-06-30T23:48:07.083,3798396,25.52,94861.84,584.12,0.362,0.397,0.414,-0.205,0.681,0.07,24.311,198.231,-2201.143,55.434273,-5.682159,434983.72,0,0,0,1
2026-06-30T23:48:07.084,3798552,25.52,94815.31,587.41,0.433,0.405,0.383,-0.218,0.681,0.039,23.295,194.817,-2200.713,55.434273,-5.682159,434983.72,0,0,0,1
2026-06-30T23:48:07.084,3798630,25.52,94797.86,588.94,0.455,0.4,0.407,-0.222,0.679,0.024,22.746,193.124,-2200.607,55.434273,-5.682159,434983.72,0,0,0,1
2026-06-30T23:48:07.085,3798709,25.52,94780.73,590.44,0.438,0.385,0.371,-0.223,0.676,0.007,22.222,191.474,-2200.577,55.434273,-5.682159,434983.72,0,0,0,1
2026-06-30T23:48:07.086,3798865,25.52,94748.77,593.25,0.414,0.381,0.378,-0.226,0.666,-0.026,21.133,188.205,-2200.731,55.434273,-5.682159,434983.72,0,0,0,1
2026-06-30T23:48:07.087,3799009,25.52,94719.3,595.84,0.438,0.364,0.388,-0.226,0.653,-0.057,19.742,188.93,-2201.199,55.434143,-5.681768,434981.75,0,0,0,1
2026-06-30T23:48:07.087,3799325,25.52,94667.91,600.36,0.512,0.345,0.436,-0.211,0.614,-0.124,16.38,195.195,-2203.452,55.434143,-5.681768,434981.75,0,0,0,1
2026-06-30T23:48:07.088,3799403,25.52,94656.3,601.38,0.491,0.359,0.402,-0.204,0.605,-0.142,15.992,193.096,-2204.085,55.434143,-5.681768,434981.75,0,0,0,1
2026-06-30T23:48:07.089,3799559,25.52,94636.95,603.08,0.486,0.342,0.438,-0.189,0.588,-0.172,15.192,188.972,-2205.557,55.434143,-5.681768,434981.75,0,0,0,1
2026-06-30T23:48:07.089,3799638,25.52,94628.05,604.2,0.493,0.345,0.424,-0.18,0.578,-0.186,14.871,186.914,-2206.399,55.434143,-5.681768,434981.75,0,0,0,1
2026-06-30T23:48:07.090,3799716,25.52,94616.24,604.9,0.529,0.34,0.441,-0.171,0.569,-0.201,14.58,184.796,-2207.3,55.434143,-5.681768,434981.75,0,0,0,1
2026-06-30T23:48:07.091,3799794,25.52,94608.66,605.56,0.524,0.335,0.462,-0.161,0.561,-0.216,14.301,182.708,-2208.263,55.434143,-5.681768,434981.75,0,0,0,1
2026-06-30T23:48:07.092,3800026,25.52,94589.4,607.26,0.479,0.34,0.438,-0.132,0.535,-0.254,13.413,180.804,-2211.531,55.434017,-5.681395,434979.62,0,0,0,1
2026-06-30T23:48:07.092,3800342,25.52,94570.24,608.94,0.498,0.34,0.469,-0.092,0.504,-0.299,12.232,185.324,-2216.949,55.434017,-5.681395,434979.62,0,0,0,1
2026-06-30T23:48:07.093,3800421,25.52,94566.78,609.25,0.491,0.347,0.493,-0.079,0.499,-0.308,12.34,183.048,-2218.342,55.434017,-5.681395,434979.62,0,0,0,1
2026-06-30T23:48:07.093,3800499,25.52,94564.64,609.44,0.476,0.362,0.433,-0.068,0.491,-0.315,12.593,180.735,-2219.748,55.434017,-5.681395,434979.62,0,0,0,1
2026-06-30T23:48:07.094,3800656,25.52,94561.23,609.74,0.5,0.364,0.445,-0.047,0.48,-0.325,13.128,176.232,-2222.653,55.434017,-5.681395,434979.62,0,0,0,1
2026-06-30T23:48:07.095,3800735,25.52,94561.06,609.75,0.524,0.369,0.479,-0.038,0.475,-0.326,13.447,173.996,-2224.128,55.434017,-5.681395,434979.62,0,0,0,1
2026-06-30T23:48:07.096,3800813,25.52,94561.56,609.71,0.503,0.357,0.52,-0.027,0.471,-0.328,13.748,171.808,-2225.595,55.434017,-5.681395,434979.62,0,0,0,1
2026-06-30T23:48:07.097,3800892,25.53,94562.8,609.6,0.438,0.354,0.472,-0.016,0.468,-0.331,14.141,169.715,-2227.095,55.43388,-5.680995,434977.12,0,0,0,1
2026-06-30T23:48:07.097,3801335,25.52,94580.83,608.01,0.421,0.354,0.515,0.044,0.441,-0.313,15.656,176.611,-2235.035,55.43388,-5.680995,434977.12,0,0,0,1
2026-06-30T23:48:07.098,3801414,25.52,94585.94,607.56,0.388,0.371,0.517,0.055,0.44,-0.305,16.3,174.402,-2236.417,55.43388,-5.680995,434977.12,0,0,0,1
2026-06-30T23:48:07.098,3801493,25.52,94591.7,607.06,0.412,0.393,0.534,0.064,0.439,-0.295,16.985,172.223,-2237.752,55.43388,-5.680995,434977.12,0,0,0,1
2026-06-30T23:48:07.099,3801649,25.53,94604.79,605.91,0.429,0.412,0.56,0.082,0.435,-0.271,18.419,167.931,-2240.234,55.43388,-5.680995,434977.12,0,0,0,1
2026-06-30T23:48:07.100,3801728,25.53,94612.53,605.23,0.388,0.402,0.529,0.094,0.436,-0.256,19.214,165.9,-2241.391,55.43388,-5.680995,434977.12,0,0,0,1
2026-06-30T23:48:07.101,3801806,25.53,94620.77,604.5,0.338,0.378,0.551,0.104,0.438,-0.24,19.973,163.964,-2242.464,55.43388,-5.680995,434977.12,0,0,0,1
2026-06-30T23:48:07.102,3801963,25.53,94639.3,602.87,0.364,0.407,0.529,0.118,0.449,-0.203,21.659,160.285,-2244.387,55.433727,-5.680591,434973.25,0,0,0,1
2026-06-30T23:48:07.102,3802338,25.53,94693.89,598.07,0.381,0.441,0.536,0.127,0.468,-0.111,24.679,166.363,-2246.774,55.433727,-5.680591,434973.25,0,0,0,1
2026-06-30T23:48:07.103,3802417,25.53,94706.73,596.94,0.412,0.453,0.515,0.126,0.474,-0.093,25.572,164.516,-2247.194,55.433727,-5.680591,434973.25,0,0,0,1
2026-06-30T23:48:07.103,3802495,25.53,94720.24,595.76,0.419,0.464,0.517,0.125,0.477,-0.078,26.448,162.692,-2247.542,55.433727,-5.680591,434973.25,0,0,0,1
2026-06-30T23:48:07.104,3802652,25.53,94756.72,592.55,0.46,0.476,0.503,0.124,0.479,-0.066,28.197,159.117,-2248.148,55.433727,-5.680591,434973.25,0,0,0,1
2026-06-30T23:48:07.105,3802730,25.53,94772.38,591.18,0.515,0.484,0.539,0.123,0.472,-0.068,29.011,157.294,-2248.454,55.433727,-5.680591,434973.25,0,0,0,1
2026-06-30T23:48:07.106,3802808,25.53,94788.84,589.73,0.515,0.491,0.575,0.122,0.47,-0.072,29.776,155.52,-2248.778,55.433727,-5.680591,434973.25,0,0,0,1
2026-06-30T23:48:07.106,3802965,25.53,94824.3,586.62,0.453,0.508,0.599,0.13,0.462,-0.085,31.306,152.136,-2249.512,55.433601,-5.680228,434970.84,0,0,0,1
2026-06-30T23:48:07.107,3803400,25.53,94932.62,577.11,0.448,0.575,0.632,0.178,0.445,-0.069,35.867,159.403,-2251.232,55.433601,-5.680228,434970.84,0,0,0,1
2026-06-30T23:48:07.108,3803557,25.53,94987.2,572.33,0.39,0.572,0.594,0.189,0.446,-0.052,37.814,155.942,-2251.738,55.433601,-5.680228,434970.84,0,0,0,1
2026-06-30T23:48:07.108,3803635,25.53,95009.61,570.36,0.366,0.608,0.577,0.19,0.45,-0.04,38.819,154.32,-2251.916,55.433601,-5.680228,434970.84,0,0,0,1
2026-06-30T23:48:07.109,3803713,25.53,95032.66,568.34,0.33,0.637,0.575,0.189,0.455,-0.027,39.842,152.828,-2252.036,55.433601,-5.680228,434970.84,0,0,0,1
2026-06-30T23:48:07.110,3803792,25.53,95056.8,566.23,0.34,0.649,0.57,0.185,0.466,-0.01,40.832,151.384,-2252.081,55.433601,-5.680228,434970.84,0,0,0,1
2026-06-30T23:48:07.111,3803948,25.53,95106.54,561.87,0.412,0.699,0.524,0.17,0.483,0.025,42.792,148.603,-2251.934,55.433479,-5.679852,434969.22,0,0,0,1
2026-06-30T23:48:07.111,3804264,25.53,95211.5,552.68,0.472,0.725,0.543,0.13,0.503,0.047,45.3,153.984,-2251.092,55.433479,-5.679852,434969.22,0,0,0,1
2026-06-30T23:48:07.112,3804417,25.53,95267.89,547.75,0.441,0.749,0.577,0.119,0.512,0.043,46.465,154.803,-2250.714,55.433479,-5.679852,434969.22,0,0,0,1
2026-06-30T23:48:07.112,3804495,25.53,95311.55,543.93,0.421,0.773,0.591,0.117,0.515,0.043,47.101,153.494,-2250.521,55.433479,-5.679852,434969.22,0,0,0,1
2026-06-30T23:48:07.113,3804652,25.53,95372.58,538.6,0.429,0.781,0.649,0.123,0.518,0.047,48.309,151.014,-2250.113,55.433479,-5.679852,434969.22,0,0,0,1
2026-06-30T23:48:07.114,3804730,25.53,95403.88,535.86,0.45,0.821,0.654,0.124,0.515,0.045,48.915,149.786,-2249.911,55.433479,-5.679852,434969.22,0,0,0,1
2026-06-30T23:48:07.115,3804808,25.53,95436.17,533.04,0.445,0.84,0.634,0.128,0.517,0.044,49.557,148.595,-2249.713,55.433479,-5.679852,434969.22,0,0,0,1
2026-06-30T23:48:07.116,3804965,25.53,95502.41,527.26,0.364,0.879,0.661,0.137,0.521,0.054,50.842,146.485,-2249.266,55.433365,-5.679476,434968.34,0,0,0,1
2026-06-30T23:48:07.116,3805441,25.53,95731.41,507.29,0.347,1.018,0.558,0.115,0.563,0.135,54.602,154.475,-2246.156,55.433365,-5.679476,434968.34,0,0,0,1
2026-06-30T23:48:07.117,3805519,25.54,95769.23,504,0.402,1.034,0.558,0.099,0.573,0.136,55.184,153.55,-2245.538,55.433365,-5.679476,434968.34,0,0,0,1
2026-06-30T23:48:07.117,3805598,25.54,95807.28,500.68,0.476,1.053,0.599,0.086,0.578,0.134,55.665,152.583,-2244.94,55.433365,-5.679476,434968.34,0,0,0,1
2026-06-30T23:48:07.118,3805754,25.54,95885.6,493.87,0.481,1.089,0.565,0.066,0.587,0.114,56.557,150.761,-2243.87,55.433365,-5.679476,434968.34,0,0,0,1
2026-06-30T23:48:07.119,3805833,25.54,95925.15,490.43,0.491,1.135,0.522,0.056,0.585,0.1,56.98,149.911,-2243.415,55.433365,-5.679476,434968.34,0,0,0,1
2026-06-30T23:48:07.120,3805911,25.54,95965.52,486.92,0.464,1.135,0.579,0.041,0.59,0.086,57.279,149.095,-2243.031,55.433228,-5.679108,434964.97,0,0,0,1
2026-06-30T23:48:07.121,3806227,25.54,96155.34,470.43,0.366,1.207,0.838,0.046,0.604,0.069,58.056,156.547,-2241.776,55.433228,-5.679108,434964.97,0,0,0,1
2026-06-30T23:48:07.121,3806305,25.54,96199.5,466.6,0.323,1.216,0.836,0.07,0.597,0.076,58.311,155.785,-2241.438,55.433228,-5.679108,434964.97,0,0,0,1
2026-06-30T23:48:07.122,3806518,25.54,96312.64,456.78,0.345,1.305,0.745,0.115,0.579,0.113,59.721,159.339,-2240.059,55.433228,-5.679108,434964.97,0,0,0,1
2026-06-30T23:48:07.122,3806597,25.54,96358.54,452.8,0.335,1.336,0.733,0.119,0.588,0.128,60.277,158.513,-2239.479,55.433228,-5.679108,434964.97,0,0,0,1
2026-06-30T23:48:07.123,3806753,25.54,96474.39,442.77,0.429,1.42,0.575,0.11,0.61,0.147,61.489,156.927,-2238.189,55.433228,-5.679108,434964.97,0,0,0,1
2026-06-30T23:48:07.124,3806832,25.55,96522.11,438.64,0.464,1.46,0.567,0.09,0.618,0.144,62.026,156.167,-2237.544,55.433228,-5.679108,434964.97,0,0,0,1
2026-06-30T23:48:07.125,3806910,25.54,96569.48,434.54,0.438,1.468,0.56,0.069,0.626,0.136,62.47,155.476,-2236.938,55.433151,-5.678775,434966.69,0,0,0,1
2026-06-30T23:48:07.125,3807226,25.54,96768.09,417.38,0.491,1.504,0.702,0.026,0.655,0.099,62.979,163.653,-2235.148,55.433151,-5.678775,434966.69,0,0,0,1
2026-06-30T23:48:07.126,3807304,25.54,96819.02,412.98,0.462,1.547,0.721,0.035,0.653,0.09,63.172,162.937,-2234.744,55.433151,-5.678775,434966.69,0,0,0,1
2026-06-30T23:48:07.127,3807527,25.55,96976.85,399.36,0.359,1.599,0.781,0.064,0.653,0.113,63.918,164.11,-2233.396,55.433151,-5.678775,434966.69,0,0,0,1
2026-06-30T23:48:07.127,3807605,25.55,97030.42,394.75,0.306,1.647,0.687,0.069,0.66,0.132,64.288,163.525,-2232.807,55.433151,-5.678775,434966.69,0,0,0,1
2026-06-30T23:48:07.128,3807762,25.55,97139.28,385.37,0.223,1.707,0.824,0.063,0.683,0.161,64.909,162.656,-2231.421,55.433151,-5.678775,434966.69,0,0,0,1
2026-06-30T23:48:07.129,3807840,25.55,97194.34,380.63,0.314,1.733,0.757,0.066,0.698,0.179,65.226,162.27,-2230.62,55.433151,-5.678775,434966.69,0,0,0,1
2026-06-30T23:48:07.129,3807919,25.55,97250.47,373.38,0.388,1.767,0.697,0.062,0.698,0.19,65.564,161.889,-2229.76,55.433018,-5.678423,434963.25,0,0,0,1
2026-06-30T23:48:07.130,3808234,25.55,97508.22,353.66,0.46,1.87,0.74,0.053,0.717,0.154,66.555,171.081,-2226.986,55.433018,-5.678423,434963.25,0,0,0,1
2026-06-30T23:48:07.131,3808313,25.55,97566.75,348.64,0.56,1.872,0.733,0.053,0.716,0.147,66.832,170.523,-2226.32,55.433018,-5.678423,434963.25,0,0,0,1
2026-06-30T23:48:07.131,3808544,25.55,97747.14,333.17,0.599,1.98,0.627,0.035,0.731,0.069,67.529,172.488,-2225.153,55.433018,-5.678423,434963.25,0,0,0,1
2026-06-30T23:48:07.132,3808623,25.55,97807.66,327.99,0.563,2.011,0.632,0.029,0.744,0.048,67.76,172.042,-2224.936,55.433018,-5.678423,434963.25,0,0,0,1
2026-06-30T23:48:07.133,3808701,25.55,97868.33,322.8,0.409,2.059,0.685,0.013,0.76,0.035,67.895,171.715,-2224.779,55.433018,-5.678423,434963.25,0,0,0,1
2026-06-30T23:48:07.134,3808858,25.56,98471.94,271.28,1.355,6.213,1.094,-0.024,1.103,-0.26,64.722,173.476,-2225.865,55.432877,-5.67811,434957.97,0,0,0,1
2026-06-30T23:48:07.135,3808936,25.56,98715.8,250.53,-1.07,5.523,1.295,0.112,0.986,-0.723,65.456,174.541,-2229.098,55.432877,-5.67811,434957.97,0,0,0,1
2026-06-30T23:48:07.135,3809252,25.55,98374.16,279.6,-18.378,3.713,-22.886,8.731,4.756,-8.264,222.483,256.207,-2378.713,55.432877,-5.67811,434957.97,0,0,0,1
2026-06-30T23:48:07.136,3809330,25.55,98453.16,272.87,-13.367,-11.593,27.639,8.731,8.731,1.256,255.818,289.803,-2373.102,55.432877,-5.67811,434957.97,0,0,0,1
2026-06-30T23:48:07.137,3809409,25.54,98416.62,275.99,-78.453,26.549,-44.805,-1.442,8.731,8.731,247.292,323.866,-2333.582,55.432877,-5.67811,434957.97,0,0,0,1
2026-06-30T23:48:07.137,3809615,25.54,98214.25,293.24,25.335,-65.347,-21.816,8.731,8.731,8.731,341.169,417.977,-2230.528,55.432877,-5.67811,434957.97,d,0.554,0.527,1
2026-06-30T23:48:07.139,3809694,25.53,98208.4,293.74,-30.976,-7.556,-46.515,-8.731,8.731,8.731,292.199,449.014,-2191.008,55.432877,-5.67811,434957.97,12.119,0.092,0.162,1
2026-06-30T23:48:07.139,3809851,25.51,98386.74,278.53,-72.226,-78.453,-32.018,8.731,-8.731,-8.731,351.933,356.535,-2269.551,55.432755,-5.677758,434955.66,74.209,0.738,0.648,1
2026-06-30T23:48:07.140,3809930,25.49,98474.87,271.03,-34.685,-78.453,-42.804,8.731,-8.731,-8.731,381.252,311.098,-2309.073,55.432755,-5.677758,434955.66,85.996,0.831,0.77,1
2026-06-30T23:48:07.140,3810261,25.38,98890.98,235.66,-26.047,-55.452,-24.265,8.731,-8.731,-8.731,533.629,143.062,-2474.664,55.432755,-5.677758,434955.66,85.166,0.831,0.811,1
2026-06-30T23:48:07.141,3810340,25.36,98966.05,229.29,-9.601,-21.684,-23.48,-7.25,-8.731,5.644,488.051,101.804,-2449.117,55.432755,-5.677758,434955.66,101.353,0.923,0.811,1
2026-06-30T23:48:07.142,3810418,25.33,99030.38,223.84,-7.247,-16.472,2.368,-6.739,-8.731,-8.731,447.14,61.998,-2488.138,55.432755,-5.677758,434955.66,56.445,0.646,0.648,1
2026-06-30T23:48:07.143,3810555,25.28,99160.5,212.81,-11.071,-9.996,-4.341,0.189,-8.731,-8.731,437.383,-5.5,-2556.676,55.432755,-5.677758,434955.66,91.724,0.923,0.851,1
2026-06-30T23:48:07.144,3810634,25.25,99212.38,208.42,-4.911,-29.305,-18.617,-8.731,-8.731,4.715,387.455,-43.96,-2535.333,55.432755,-5.677758,434955.66,102.515,0.923,0.851,1
2026-06-30T23:48:07.144,3810713,25.23,99257.44,204.61,-8.035,-14.09,-1.966,-4.383,-8.731,-8.624,358.304,-81.223,-2574.368,55.432755,-5.677758,434955.66,92.72,0.923,0.811,1
2026-06-30T23:48:07.145,3810870,25.19,99344.75,197.23,-4.709,-24.854,-5.114,8.731,-8.731,-3.835,341.139,-153.876,-2554.755,55.432697,-5.6775,434957.19,71.221,0.738,0.527,1
2026-06-30T23:48:07.145,3810948,25.18,99382.14,194.06,2.799,-12.594,-5.823,-1.234,-8.731,-2.757,326.616,-189.268,-2567.077,55.432697,-5.6775,434957.19,79.355,0.831,0.689,1
2026-06-30T23:48:07.146,3811353,25.11,99592.11,176.34,-3.962,-15.048,-6.244,0.332,-8.731,-6.244,257.638,-376.815,-2758.572,55.432697,-5.6775,434957.19,104.673,0.923,0.892,1
2026-06-30T23:48:07.147,3811431,25.09,99614.7,174.43,-1.887,-11.985,-2.583,-6.528,-8.731,-8.731,221.851,-407.345,-2797.594,55.432697,-5.6775,434957.19,78.94,0.738,0.77,1
2026-06-30T23:48:07.148,3811629,25.04,99667.77,169.95,-2.447,-8.636,-2.957,-8.731,-8.731,-3.585,118.163,-495.971,-2838.264,55.432697,-5.6775,434957.19,95.708,1.015,0.851,1
2026-06-30T23:48:07.149,3811708,25.02,99686.53,168.37,-2.61,-13.917,-5.21,-7.058,-8.731,3.815,82.282,-524.583,-2820.995,55.432697,-5.6775,434957.19,115.796,1.107,1.013,1
2026-06-30T23:48:07.149,3811865,25,99723.48,165.26,-0.833,-12.483,-2.684,-3.569,-8.731,1.012,45.622,-579.707,-2811.891,55.432667,-5.677102,434965.31,100.688,1.015,0.851,1
2026-06-30T23:48:07.150,3811943,24.99,99739.55,163.22,-1.128,-13.278,-3.266,1.8,-8.731,3.621,50.515,-606.259,-2795.71,55.432667,-5.677102,434965.31,100.439,0.923,0.77,1
2026-06-30T23:48:07.151,3812270,24.97,99803.09,158.55,-0.682,-11.899,-3.761,5.751,-8.731,-3.908,152.939,-754.39,-2868.938,55.432667,-5.677102,434965.31,70.806,0.738,0.811,1
2026-06-30T23:48:07.152,3812348,24.97,99821,157.04,-0.589,-10.116,-3.838,2.071,-8.731,-3.832,156.734,-777.481,-2886.064,55.432667,-5.677102,434965.31,81.846,0.831,0.851,1
2026-06-30T23:48:07.153,3812426,24.97,99840.45,155.4,-2.025,-10.633,-4.274,1.679,-8.731,-5.284,158.81,-800.462,-2909.983,55.432667,-5.677102,434965.31,104.59,1.015,0.973,1
2026-06-30T23:48:07.153,3812505,24.96,99854.27,154.24,-1.705,-9.574,-2.959,-3.29,-8.731,-7.9,139.083,-822.5,-2945.288,55.432667,-5.677102,434965.31,103.594,1.015,0.973,1
2026-06-30T23:48:07.154,3812657,24.95,99875.88,152.42,-2.873,-11.696,-4.207,-6.498,-8.731,-4.817,78.647,-880.311,-2987.242,55.432667,-5.677102,434965.31,93.467,0.831,0.77,1
2026-06-30T23:48:07.154,3812736,24.93,99892.49,151.02,-1.839,-11.09,-3.699,-7.696,-8.731,-3.069,40.766,-901.257,-3001.134,55.432667,-5.677102,434965.31,91.973,0.831,0.729,1
2026-06-30T23:48:07.156,3812815,24.92,99903.83,150.07,-2.205,-10.714,-3.591,-4.935,-8.731,0.868,15.887,-921.743,-2997.206,55.432648,-5.677083,434963.94,90.396,0.831,0.689,1
2026-06-30T23:48:07.157,3812893,24.91,99914.7,149.15,-1.961,-12.775,-2.847,-1.903,-8.731,0.402,5.184,-941.379,-2995.41,55.432648,-5.677083,434963.94,87.075,0.923,0.689,1
2026-06-30T23:48:07.157,3813219,24.89,99955.33,145.74,-0.395,-14.368,-3.503,5.505,-8.731,2.562,104.081,-1082.838,-2947.408,55.432648,-5.677083,434963.94,98.447,1.015,0.892,1
2026-06-30T23:48:07.158,3813298,24.88,99965.28,144.46,-0.752,-11.1,-3.436,5.237,-8.731,-1.059,122.793,-1099.349,-2952.143,55.432648,-5.677083,434963.94,89.98,0.923,0.811,1
2026-06-30T23:48:07.158,3813455,24.88,100001.38,141.86,-1.628,-9.723,-4.053,2.036,-8.731,-4.513,137.644,-1131.766,-2986.335,55.432648,-5.677083,434963.94,89.565,0.831,0.811,1
2026-06-30T23:48:07.159,3813534,24.88,100013.14,140.87,-1.769,-7.034,-3.263,-1.145,-8.731,-4.805,127.515,-1147.605,-3008.083,55.432648,-5.677083,434963.94,88.652,0.738,0.77,1
2026-06-30T23:48:07.160,3813746,24.86,100037.06,138.86,-2.174,-11.638,-2.873,-5.292,-8.731,0.841,59.887,-1228.385,-2997.862,55.432648,-5.677083,434963.94,86.826,0.831,0.689,1
2026-06-30T23:48:07.161,3813825,24.85,100046.85,137.62,-2.279,-14.708,-4.219,-6.504,-8.731,4.677,28.082,-1241.889,-2976.96,55.432648,-5.677083,434963.94,98.447,1.015,0.851,1
2026-06-30T23:48:07.162,3813903,24.84,100062.3,136.74,-2.938,-16.676,-4.369,-6.508,-8.731,6.546,-3.443,-1255.589,-2947.33,55.432659,-5.677082,434965.12,111.562,1.015,0.973,1
2026-06-30T23:48:07.162,3814235,24.82,100102.59,133.36,-0.019,-10.041,-1.257,-2.95,-6.504,-0.991,-60.31,-1351.712,-2966.176,55.432659,-5.677082,434965.12,91.807,0.923,0.77,1
2026-06-30T23:48:07.163,3814314,24.82,100117.2,132.13,-0.108,-11.717,-1.978,-1.228,-7.233,4.054,-66.542,-1356.754,-2947.826,55.432659,-5.677082,434965.12,89.814,0.923,0.729,1
2026-06-30T23:48:07.164,3814392,24.81,100127.31,131.28,-1.257,-12.598,-1.453,0.308,-7.438,6.194,-65.794,-1362.082,-2920.143,55.432659,-5.677082,434965.12,77.446,0.738,0.608,1
2026-06-30T23:48:07.165,3814549,24.81,100149.56,129.41,-1.437,-10.839,-1.745,-7.89,-5.247,4.23,-116.36,-1359.173,-2879.338,55.432659,-5.677082,434965.12,109.819,1.107,0.973,1
2026-06-30T23:48:07.166,3814688,24.81,100164.73,127.71,-1.705,-12.206,-2.634,-5.989,-3.317,-0.183,-162.817,-1357.726,-2880.793,55.432659,-5.677082,434965.12,98.613,0.923,0.851,1
2026-06-30T23:48:07.166,3814767,24.81,100179.56,126.89,-0.848,-11.416,-1.827,-3.798,-3.011,-2.367,-178.389,-1343.844,-2891.507,55.432659,-5.677082,434965.12,92.222,0.831,0.811,1
2026-06-30T23:48:07.167,3814846,24.81,100189.95,126.02,-0.402,-9.486,-1.592,-4.015,-3.22,-1.018,-194.62,-1331.205,-2896.116,55.432671,-5.677071,434966.56,90.562,0.738,0.77,1
2026-06-30T23:48:07.168,3814925,24.81,100200.5,125.13,-0.886,-10.362,-2.315,-4.737,-3.157,-0.449,-213.793,-1318.487,-2898.148,55.432671,-5.677071,434966.56,88.154,0.738,0.729,1
2026-06-30T23:48:07.169,3815261,24.81,100249.19,121.05,-0.302,-10.544,-3.259,1.135,-3.942,-5.518,-190.181,-1366.669,-3004.697,55.432671,-5.677071,434966.56,101.851,1.015,0.973,1
2026-06-30T23:48:07.170,3815340,24.81,100261.88,119.98,-0.373,-9.728,-2.591,1.939,-3.979,-5.079,-179.984,-1356.721,-3027.396,55.432671,-5.677071,434966.56,104.341,1.107,0.973,1
2026-06-30T23:48:07.171,3815419,24.81,100274.57,118.92,-0.024,-10.585,-2.253,0.11,-3.945,-5.166,-177.939,-1347.084,-3050.779,55.432671,-5.677071,434966.56,97.949,1.015,0.932,1
2026-06-30T23:48:07.171,3815497,24.81,100287.92,117.8,-0.237,-11.284,-2.749,-0.269,-4.105,-5.144,-177.634,-1338.099,-3073.77,55.432671,-5.677071,434966.56,88.735,0.923,0.851,1
2026-06-30T23:48:07.172,3815726,24.8,100330.83,114.2,0.496,-10.602,-2.988,3.288,-4.236,-6.284,-141.521,-1338.74,-3158.191,55.432671,-5.677071,434966.56,64.746,0.646,0.689,1
2026-06-30T23:48:07.172,3815804,24.79,100347.11,112.83,0.836,-10.338,-3.057,4.134,-4.636,-4.157,-122.713,-1332.36,-3176.769,55.432671,-5.677071,434966.56,71.885,0.738,0.77,1
2026-06-30T23:48:07.173,3815961,24.76,100374.09,110.57,0.213,-13.29,-3.144,4.366,-4.684,-4.815,-83.851,-1321.369,-3214.643,55.432686,-5.677075,434967.97,94.961,1.015,0.932,1
2026-06-30T23:48:07.174,3816293,24.59,100428.62,106,0.757,-11.171,-3.069,5.122,-5.589,-2.736,11.196,-1399.211,-3266.688,55.432686,-5.677075,434967.97,83.174,0.831,0.77,1
2026-06-30T23:48:07.175,3816450,24.49,100450.55,104.16,0.438,-12.062,-3.005,4.439,-5.662,-4.182,46.825,-1393.444,-3300.508,55.432686,-5.677075,434967.97,74.956,0.738,0.729,1
2026-06-30T23:48:07.175,3816528,24.44,100461.43,103.25,0.572,-11.198,-2.969,4.57,-5.752,-4.275,63.808,-1390.822,-3319.612,55.432686,-5.677075,434967.97,68.896,0.738,0.729,1
2026-06-30T23:48:07.176,3816607,24.38,100480.15,102.04,0.69,-11.181,-3.316,5.316,-5.95,-3.778,83.981,-1389.464,-3336.711,55.432686,-5.677075,434967.97,72.715,0.738,0.811,1
2026-06-30T23:48:07.177,3816763,24.25,100498.89,100.11,0.563,-11.176,-3.16,5.063,-6.444,-3.406,124.53,-1418.177,-3367.156,55.432686,-5.677075,434967.97,98.613,1.015,0.932,1
2026-06-30T23:48:07.178,3816842,24.2,100510.27,99.16,0.417,-11.351,-2.959,3.929,-6.509,-3.883,137.375,-1418.727,-3384.733,55.432716,-5.677076,434970.97,99.775,1.107,0.932,1
2026-06-30T23:48:07.179,3816921,24.15,100522.55,98.13,0.11,-11.772,-3.299,3.502,-6.478,-4.383,148.047,-1419.098,-3404.57,55.432716,-5.677076,434970.97,93.965,1.015,0.851,1
2026-06-30T23:48:07.179,3817247,23.93,100577.97,93.49,0.321,-9.986,-3.163,3.057,-6.712,-3.72,198.9,-1513.612,-3474.05,55.432716,-5.677076,434970.97,74.873,0.738,0.77,1
2026-06-30T23:48:07.180,3817325,23.89,100588.28,92.63,-0.132,-10.472,-3.084,2.529,-6.673,-4.291,203.871,-1512.551,-3493.227,55.432716,-5.677076,434970.97,81.431,0.738,0.811,1
2026-06-30T23:48:07.181,3817404,23.84,100597.7,91.84,-0.359,-11.243,-2.952,1.352,-6.339,-5.882,203.696,-1510.382,-3519.85,55.432716,-5.677076,434970.97,86.079,0.831,0.892,1
2026-06-30T23:48:07.182,3817561,23.76,100616.26,90.29,-0.378,-11.083,-3.156,0.719,-6.231,-7.048,197.756,-1504.592,-3582.688,55.432716,-5.677076,434970.97,101.851,1.015,0.973,1
2026-06-30T23:48:07.182,3817639,23.73,100625.73,89.49,-0.357,-10.908,-3.187,1.134,-6.307,-6.786,196.641,-1502.087,-3613.015,55.432716,-5.677076,434970.97,96.87,1.015,0.932,1
2026-06-30T23:48:07.183,3817851,23.67,100651.83,87.31,-0.366,-11.588,-3.086,0.266,-6.091,-6.944,193.772,-1544.517,-3697.365,55.432716,-5.677076,434970.97,80.103,0.738,0.77,1
2026-06-30T23:48:07.184,3817930,23.66,100661.38,86.51,-0.443,-10.973,-2.928,-0.219,-6.154,-6.748,186.826,-1540.878,-3727.911,55.432716,-5.677076,434970.97,74.043,0.646,0.729,1
2026-06-30T23:48:07.185,3818261,23.62,100697.23,83.51,-0.941,-11.009,-2.768,-2.17,-6.315,-6.414,140.685,-1627.332,-3849.557,55.432716,-5.677076,434970.97,109.155,1.107,1.013,1
2026-06-30T23:48:07.185,3818340,23.62,100705.55,82.82,-0.781,-11.303,-2.94,-2.624,-6.496,-6.472,124.141,-1623.526,-3878.854,55.432716,-5.677076,434970.97,102.432,1.015,0.973,1
2026-06-30T23:48:07.186,3818418,23.62,100713.67,82.14,-0.982,-11.169,-3.108,-2.668,-6.693,-6.603,107.864,-1620.273,-3908.365,55.432716,-5.677076,434970.97,89.067,0.923,0.851,1
2026-06-30T23:48:07.187,3818497,23.62,100721.91,81.45,-1.259,-11.246,-2.935,-2.717,-6.833,-6.989,91.563,-1618.056,-3940,55.432716,-5.677076,434970.97,83.34,0.738,0.77,1
2026-06-30T23:48:07.188,3818654,23.61,100738.91,80.03,-0.912,-10.973,-3.172,-3.471,-7.443,-5.39,55.295,-1617.238,-3994.262,55.432716,-5.677076,434970.97,79.771,0.646,0.729,1
2026-06-30T23:48:07.189,3818799,23.61,100755.86,78.61,-1.307,-10.446,-3.215,-4.688,-7.61,-4.207,13.878,-1646.712,-4029.213,55.432716,-5.677076,434970.97,85.581,0.738,0.77,1
2026-06-30T23:48:07.189,3818956,23.61,100774.12,77.09,-1.377,-10.501,-2.746,-5.158,-7.812,-3.03,-36.954,-1648.851,-4059.074,55.432762,-5.677146,434973.56,108.574,1.107,0.973,1
2026-06-30T23:48:07.190,3819366,23.61,100831.05,72.33,-1.453,-12.503,-2.691,-6.89,-6.294,-0.373,-186.273,-1737.013,-4058.578,55.432762,-5.677146,434973.56,84.004,0.646,0.689,1
2026-06-30T23:48:07.190,3819445,23.61,100842.56,71.37,-1.408,-12.364,-2.629,-7.02,-5.861,-1.34,-215.334,-1727.813,-4064.568,55.432762,-5.677146,434973.56,82.676,0.738,0.689,1
2026-06-30T23:48:07.191,3819523,23.61,100852.94,70.5,-1.348,-11.102,-2.564,-6.158,-5.752,-1.801,-240.059,-1718.314,-4072.615,55.432762,-5.677146,434973.56,89.98,0.831,0.77,1
2026-06-30T23:48:07.192,3819602,23.61,100862.31,69.72,-1.46,-10.336,-2.363,-4.443,-5.788,-1.731,-257.023,-1709.468,-4080.453,55.432762,-5.677146,434973.56,100.938,1.015,0.892,1
2026-06-30T23:48:07.193,3819883,23.61,100899.61,66.61,-1.355,-12.847,-2.962,-7.253,-4.731,-2.257,-350.947,-1719.272,-4113.764,55.432762,-5.677146,434973.56,88.071,0.738,0.77,1
2026-06-30T23:48:07.194,3819962,23.61,100910.21,65.72,-1.262,-12.318,-2.957,-6.867,-4.718,-4.232,-376.458,-1705.7,-4132.92,55.432762,-5.677146,434973.56,80.352,0.646,0.689,1
2026-06-30T23:48:07.194,3820293,23.61,100952.81,62.16,-0.874,-10.171,-1.827,-3.737,-5.84,-2.155,-440.389,-1780.026,-4173.792,55.432762,-5.677146,434973.56,91.807,0.831,0.77,1
2026-06-30T23:48:07.195,3820450,23.61,100974.81,60.33,-1.446,-12.428,-2.942,-7.521,-5.435,-2.735,-487.798,-1758.239,-4191.743,55.432762,-5.677146,434973.56,114.551,1.015,1.013,1
2026-06-30T23:48:07.196,3820528,23.61,100984.42,59.53,-1.508,-11.952,-3.048,-6.905,-5.451,-5.09,-510.756,-1747.113,-4214.782,55.432762,-5.677146,434973.56,97.866,0.923,0.892,1
2026-06-30T23:48:07.197,3820607,23.61,100993.15,58.8,-1.642,-10.879,-2.753,-5.37,-6.018,-5.533,-526.145,-1738.359,-4239.511,55.432762,-5.677146,434973.56,83.838,0.738,0.77,1
2026-06-30T23:48:07.198,3820845,23.62,101024.52,56.18,-0.946,-10.156,-1.729,-3.191,-6.975,-0.449,-550.258,-1760.23,-4262.395,55.432762,-5.677146,434973.56,86.245,0.738,0.689,1
2026-06-30T23:48:07.198,3820924,23.62,101042.08,54.72,-1.338,-11.842,-2.097,-6.044,-6.805,1.224,-568.066,-1755.084,-4256.856,55.43277,-5.677128,434974.84,82.842,0.646,0.689,1
2026-06-30T23:48:07.199,3821256,23.62,101082.45,51.35,-1.132,-10.764,-2.313,-3.631,-5.822,-3.618,-626.437,-1828.396,-4325.685,55.43277,-5.677128,434974.84,100.522,1.015,0.973,1
2026-06-30T23:48:07.200,3821334,23.62,101093.48,50.43,-0.752,-10.8,-1.899,-3.445,-6.096,-1.764,-630.996,-1818.448,-4333.568,55.43277,-5.677128,434974.84,94.463,0.923,0.892,1
2026-06-30T23:48:07.201,3821413,23.62,101110.53,49.01,-0.982,-11.114,-2.188,-4.513,-6.183,0.131,-640.418,-1809.408,-4332.975,55.43277,-5.677128,434974.84,88.901,0.738,0.77,1
2026-06-30T23:48:07.202,3821569,23.62,101131.02,47.3,-1.635,-10.932,-2.404,-6.31,-4.915,-1.238,-670.318,-1783.587,-4336.417,55.43277,-5.677128,434974.84,82.261,0.646,0.689,1
2026-06-30T23:48:07.202,3821648,23.62,101141.05,46.47,-1.537,-12.115,-2.665,-6.845,-4.481,-3.169,-689.323,-1767.653,-4350.761,55.43277,-5.677128,434974.84,78.608,0.646,0.689,1
2026-06-30T23:48:07.203,3821726,23.62,101151.2,45.62,-1.13,-12.031,-2.751,-5.827,-4.743,-3.38,-703.115,-1752.967,-4365.868,55.43277,-5.677128,434974.84,81.265,0.738,0.729,1
2026-06-30T23:48:07.204,3821935,23.63,101177.47,43.43,-1.099,-11.401,-2.574,-4.994,-4.692,-2.912,-749.707,-1772.864,-4400.744,55.432789,-5.677173,434975.47,111.064,1.107,1.013,1
2026-06-30T23:48:07.205,3822350,23.63,101237.62,38.39,-0.654,-11.303,-2.883,-4.029,-5.263,-3.578,-815.737,-1816.908,-4508.433,55.432789,-5.677173,434975.47,76.118,0.646,0.689,1
2026-06-30T23:48:07.205,3822428,23.63,101248.7,37.5,-0.895,-10.855,-2.758,-3.514,-5.358,-3.278,-817.093,-1804.246,-4523.271,55.432789,-5.677173,434975.47,73.96,0.646,0.689,1
2026-06-30T23:48:07.206,3822507,23.64,101259.33,36.62,-1.14,-10.376,-2.456,-3.82,-5.183,-3.764,-819.547,-1790.742,-4540.09,55.432789,-5.677173,434975.47,76.45,0.646,0.689,1
2026-06-30T23:48:07.207,3822664,23.64,101281.23,34.79,-1.326,-11.545,-2.564,-4.41,-5.216,-3.757,-829.815,-1764.674,-4574.294,55.432789,-5.677173,434975.47,101.104,1.015,0.892,1
2026-06-30T23:48:07.208,3822742,23.64,101291.72,33.92,-1.214,-11.588,-2.708,-4.61,-5.102,-4.197,-835.47,-1751.611,-4593.049,55.432789,-5.677173,434975.47,112.061,1.107,1.013,1
2026-06-30T23:48:07.208,3822887,23.65,101313.29,32.13,-1.051,-11.722,-2.921,-4.746,-5.445,-3.868,-859.486,-1760.81,-4625.186,55.4328,-5.677195,434976,95.625,0.923,0.892,1
2026-06-30T23:48:07.209,3822966,23.65,101324.09,31.23,-1.228,-11.255,-2.744,-4.408,-5.393,-4.647,-863.925,-1749.396,-4646.219,55.4328,-5.677195,434976,84.585,0.738,0.77,1
2026-06-30T23:48:07.210,3823297,23.66,101371.02,27.32,-1.314,-10.956,-2.478,-4.947,-5.622,-3.776,-940.642,-1818.765,-4717.831,55.4328,-5.677195,434976,79.189,0.646,0.689,1
2026-06-30T23:48:07.211,3823454,23.66,101393.7,25.44,-1.207,-10.388,-2.682,-4.445,-5.794,-3.011,-947.626,-1796.968,-4746.749,55.4328,-5.677195,434976,103.262,1.015,0.892,1
2026-06-30T23:48:07.212,3823532,23.67,101405.16,24.49,-1.089,-10.436,-2.404,-4.193,-5.797,-2.48,-949.333,-1786.627,-4757.974,55.4328,-5.677195,434976,110.234,1.107,0.973,1
2026-06-30T23:48:07.212,3823611,23.67,101416.8,23.52,-1.073,-10.451,-2.282,-4.574,-5.663,-2.009,-952.423,-1775.584,-4766.954,55.4328,-5.677195,434976,107.91,1.015,1.013,1
2026-06-30T23:48:07.213,3823768,23.67,101440.19,21.57,-1.14,-11.349,-2.543,-5.272,-5.26,-1.915,-963.341,-1751.877,-4783.995,55.4328,-5.677195,434976,88.071,0.831,0.811,1
2026-06-30T23:48:07.214,3823919,23.68,101462.42,19.73,-1.322,-11.449,-2.286,-4.913,-4.994,-2.406,-987.48,-1758.775,-4804.669,55.432812,-5.677239,434975.91,84.17,0.646,0.689,1
2026-06-30T23:48:07.214,3824250,23.68,101507.73,15.96,-1.25,-10.415,-2.423,-4.422,-4.965,-3.682,-1052.22,-1816.017,-4874.709,55.432812,-5.677239,434975.91,100.854,0.923,0.892,1
2026-06-30T23:48:07.215,3824329,23.69,101517.53,15.15,-1.226,-10.817,-2.279,-3.592,-5.091,-3.539,-1049.146,-1802.155,-4890.727,55.432812,-5.677239,434975.91,110.151,1.107,0.973,1
2026-06-30T23:48:07.216,3824407,23.69,101527.34,14.33,-1.13,-10.008,-2.318,-3.676,-5.076,-3.046,-1046.322,-1788.219,-4904.342,55.432812,-5.677239,434975.91,109.072,1.107,1.013,1
2026-06-30T23:48:07.217,3824564,23.69,101548.5,12.15,-1.233,-12.179,-2.741,-5.537,-4.91,-2.804,-1054.672,-1760.25,-4929.465,55.432812,-5.677239,434975.91,88.071,0.831,0.811,1
2026-06-30T23:48:07.217,3824642,23.7,101564.48,11.25,-1.362,-12.809,-2.727,-5.998,-4.671,-4.848,-1061.888,-1745.385,-4951.131,55.432812,-5.677239,434975.91,81.846,0.646,0.729,1
2026-06-30T23:48:07.218,3824721,23.7,101575.13,10.36,-1.008,-11.868,-2.883,-5.481,-5.097,-5.391,-1067.036,-1732.991,-4975.533,55.432812,-5.677239,434975.91,75.039,0.646,0.689,1
2026-06-30T23:48:07.219,3824799,23.7,101584.92,9.55,-1.037,-11.128,-2.892,-3.786,-5.61,-4.893,-1064.369,-1722.799,-4997.398,55.432812,-5.677239,434975.91,74.79,0.646,0.689,1
2026-06-30T23:48:07.220,3825006,23.71,101610.73,7.41,-0.855,-10.925,-2.519,-4.846,-5.899,-3.212,-1101.468,-1756.822,-5035.496,55.432831,-5.67731,434975.84,102.266,1.015,0.892,1
2026-06-30T23:48:07.221,3825342,23.72,101657.7,3.51,-1.513,-10.8,-2.638,-3.641,-7.07,-5.232,-1150.199,-1854.912,-5136.213,55.432831,-5.67731,434975.84,84.17,0.738,0.729,1
2026-06-30T23:48:07.221,3825421,23.72,101667.81,2.67,-1.161,-10.396,-2.516,-4.073,-7.329,-3.802,-1147.335,-1850.2,-5153.421,55.432831,-5.67731,434975.84,84.917,0.738,0.729,1
2026-06-30T23:48:07.222,3825499,23.72,101679.72,1.68,-1.051,-11.586,-2.768,-5.257,-7.553,-1.744,-1149.479,-1846.173,-5161.215,55.432831,-5.67731,434975.84,81.68,0.646,0.689,1
2026-06-30T23:48:07.223,3825656,23.73,101707.61,-0.63,-1.765,-11.109,-2.559,-6.051,-6.923,-1.767,-1160.798,-1834.753,-5174.206,55.432831,-5.67731,434975.84,90.312,0.831,0.77,1
2026-06-30T23:48:07.224,3825735,23.74,101718.72,-1.55,-1.697,-10.903,-2.533,-5.564,-6.745,-1.788,-1164.326,-1827.808,-5182.3,55.432831,-5.67731,434975.84,104.922,1.107,0.892,1
2026-06-30T23:48:07.224,3825813,23.74,101729.86,-2.48,-1.46,-10.209,-2.021,-4.601,-6.576,-1.647,-1163.213,-1819.894,-5189.661,55.432831,-5.67731,434975.84,63.584,0.554,0.527,1
2026-06-30T23:48:07.225,3825953,23.74,101752.59,-4.36,-0.438,-5.279,-2.871,8.731,-8.731,4.727,-1073.684,-1852.051,-5151.748,55.432831,-5.67731,434975.84,0,0,0,1
2026-06-30T23:48:07.226,3826357,23.74,101809.73,-9.1,-4.343,6.103,8.44,1.622,4.092,1.014,-975.898,-1766.102,-5114.058,55.432831,-5.67731,434975.84,0,0,0,1
2026-06-30T23:48:07.226,3826435,23.75,101817.25,-9.72,-4.472,4.587,3.373,1.083,4.17,1.285,-950.502,-1711.518,-5108.244,55.432831,-5.67731,434975.84,0,0,0,1
2026-06-30T23:48:07.227,3826514,23.75,101823.61,-10.25,-7.468,10.262,2.052,0.726,2.369,-0.2,-926.74,-1666.201,-5109.136,55.432831,-5.67731,434975.84,0,0,0,1
2026-06-30T23:48:07.228,3826592,23.75,101829.73,-10.95,-8.384,6.539,0.299,0.039,-0.171,-0.329,-906.285,-1632.587,-5110.607,55.432831,-5.67731,434975.84,0,0,0,1
2026-06-30T23:48:07.229,3826748,23.76,101840.81,-11.67,-5.48,6.828,2.313,0.103,0.135,-0.106,-867.587,-1567.796,-5109.302,55.432831,-5.67731,434975.84,0,0,0,1
2026-06-30T23:48:07.229,3826827,23.76,101844.18,-11.95,-7.511,6.735,2.701,-0.023,0.002,-0.124,-848.977,-1535.511,-5109.864,55.432831,-5.67731,434975.84,0,0,0,1
2026-06-30T23:48:07.230,3826973,23.77,101849.34,-12.38,-6.543,6.883,2.377,0.028,0.036,-0.024,-830.349,-1503.669,-5110.065,55.432831,-5.67731,434975.84,0,0,0,1
2026-06-30T23:48:07.231,3827300,23.77,101855.34,-12.88,-6.598,6.809,2.519,0.006,-0.002,-0.016,-812.24,-1472.785,-5110.359,55.432831,-5.67731,434975.84,0,0,0,1
2026-06-30T23:48:07.232,3827456,23.77,101857.38,-13.11,-6.524,6.826,2.464,0.038,0.015,-0.013,-776.906,-1412.636,-5110.413,55.432831,-5.67731,434975.84,0,0,0,1
2026-06-30T23:48:07.232,3827535,23.78,101859.64,-13.23,-6.505,6.835,2.49,0.023,0.01,-0.018,-759.865,-1383.504,-5110.495,55.432831,-5.67731,434975.84,0,0,0,1
2026-06-30T23:48:07.233,3827613,23.78,101860.57,-13.31,-6.488,6.869,2.466,0.041,0.013,-0.003,-743.086,-1354.943,-5110.507,55.432831,-5.67731,434975.84,0,0,0,1
2026-06-30T23:48:07.234,3827691,23.79,101861.14,-13.36,-6.495,6.859,2.492,0.038,0.019,-0.012,-726.655,-1326.929,-5110.562,55.432831,-5.67731,434975.84,0,0,0,1
2026-06-30T23:48:07.235,3827848,23.79,101863.25,-13.53,-6.515,6.85,2.528,0.04,0.009,-0.007,-694.829,-1272.644,-5110.675,55.432869,-5.67744,434975.97,0,0,0,1
2026-06-30T23:48:07.235,3828053,23.8,101865.02,-13.68,-6.539,6.838,2.538,0.028,0.012,-0.015,-679.218,-1246.213,-5110.848,55.432869,-5.67744,434975.97,0,0,0,1
2026-06-30T23:48:07.236,3828457,23.8,101864.8,-13.66,-6.524,6.845,2.468,0.03,0.013,-0.016,-648.721,-1194.871,-5111.023,55.432869,-5.67744,434975.97,0,0,0,1
2026-06-30T23:48:07.237,3828536,23.81,101865.52,-13.72,-6.486,6.852,2.502,0.034,0.014,-0.011,-634.201,-1170.079,-5111.073,55.432869,-5.67744,434975.97,0,0,0,1
2026-06-30T23:48:07.238,3828614,23.81,101866.03,-13.76,-6.488,6.845,2.449,0.039,0.014,-0.008,-619.938,-1145.78,-5111.109,55.432869,-5.67744,434975.97,0,0,0,1
2026-06-30T23:48:07.238,3828692,23.82,101866.14,-13.77,-6.515,6.838,2.468,0.031,0.012,-0.012,-606,-1121.974,-5111.161,55.432869,-5.67744,434975.97,0,0,0,1
2026-06-30T23:48:07.239,3828849,23.83,101866.84,-13.83,-6.553,6.828,2.471,0.04,0.016,-0.009,-578.919,-1075.779,-5111.268,55.432869,-5.677385,434977.53,0,0,0,1
2026-06-30T23:48:07.240,3829055,23.83,101867.3,-13.87,-6.517,6.845,2.495,0.035,0.014,-0.011,-565.531,-1053.26,-5111.394,55.432869,-5.677385,434977.53,0,0,0,1
2026-06-30T23:48:07.241,3829460,23.84,101866.09,-13.77,-6.493,6.855,2.476,0.033,0.013,-0.012,-539.586,-1009.622,-5111.648,55.432869,-5.677385,434977.53,0,0,0,1
2026-06-30T23:48:07.241,3829538,23.84,101866.97,-13.84,-6.495,6.84,2.488,0.035,0.015,-0.011,-527.241,-988.528,-5111.696,55.432869,-5.677385,434977.53,0,0,0,1
2026-06-30T23:48:07.242,3829616,23.85,101867.31,-13.87,-6.519,6.828,2.483,0.034,0.014,-0.01,-515.144,-967.855,-5111.739,55.432869,-5.677385,434977.53,0,0,0,1
2026-06-30T23:48:07.243,3829695,23.85,101867.09,-13.85,-6.548,6.843,2.492,0.033,0.014,-0.01,-503.298,-947.597,-5111.783,55.432869,-5.677385,434977.53,0,0,0,1
2026-06-30T23:48:07.243,3829851,23.86,101867.55,-13.89,-6.515,6.845,2.456,0.035,0.013,-0.011,-480.289,-908.292,-5111.879,55.432896,-5.677363,434980.78,0,0,0,1
2026-06-30T23:48:07.244,3829985,23.86,101867.91,-13.92,-6.486,6.857,2.512,0.034,0.013,-0.011,-469.029,-889.196,-5111.961,55.432896,-5.677363,434980.78,0,0,0,1