time_ms,temp_C,pressure_Pa,altitude_m,ax_ms2,ay_ms2,az_ms2,gx_rads,gy_rads,gz_rads,angleX_deg,angleY_deg,angleZ_deg,latitude,longitude,distance_m
533522,20.64,101914.68,81.09,-9.792,-0.048,0.515,-0.042,0.007,0.018,-7.342,87.014,589.025,55.435265,-5.68591,434977.72
533771,20.64,101914.44,81.11,-9.785,-0.055,0.565,-0.042,0.007,0.018,-7.486,86.976,589.291,55.435265,-5.68591,434977.72
534020,20.64,101914.77,81.09,-9.78,-0.081,0.539,-0.042,0.007,0.018,-7.774,86.996,589.554,55.435265,-5.68591,434977.72
534270,20.64,101914.93,81.07,-9.795,-0.084,0.565,-0.042,0.007,0.019,-7.681,86.953,589.821,55.435265,-5.68591,434977.72
534523,20.64,101915.09,81.06,-9.778,-0.043,0.541,-0.042,0.009,0.02,-7.954,86.939,590.09,55.435265,-5.68591,434977.72
534772,20.64,101914.77,81.09,-9.799,-0.045,0.51,-0.042,0.007,0.018,-7.603,86.974,590.358,55.435265,-5.68591,434977.72
535018,20.65,101914.85,81.08,-9.776,-0.034,0.512,-0.043,0.008,0.018,-7.132,86.992,590.621,55.435265,-5.68591,434977.72
535273,20.64,101914.28,81.13,-9.785,-0.074,0.522,-0.042,0.007,0.019,-7.436,86.972,590.892,55.435265,-5.68591,434977.72
535520,20.64,101914.28,81.13,-9.792,-0.089,0.563,-0.042,0.008,0.018,-7.235,86.96,591.157,55.435265,-5.68591,434977.72
535770,20.64,101914.11,81.14,-9.778,-0.057,0.524,-0.043,0.007,0.02,-7.58,86.972,591.429,55.435265,-5.68591,434977.72
536023,20.65,101914.53,81.11,-9.787,-0.074,0.546,-0.042,0.007,0.019,-7.766,86.944,591.7,55.435265,-5.68591,434977.72
536272,20.64,101914.44,81.11,-9.785,-0.062,0.534,-0.042,0.007,0.019,-7.651,86.971,591.969,55.435265,-5.68591,434977.72
536520,20.65,101914.69,81.09,-9.79,-0.055,0.522,-0.042,0.008,0.019,-7.491,86.94,592.23,55.435265,-5.68591,434977.72
536769,20.65,101915.02,81.07,-9.773,-0.072,0.541,-0.042,0.007,0.019,-7.58,86.961,592.498,55.435265,-5.68591,434977.72
537020,20.65,101915.02,81.07,-9.783,-0.065,0.512,-0.042,0.008,0.018,-7.239,86.979,592.768,55.435265,-5.68591,434977.72
537270,20.65,101915.23,81.05,-9.783,-0.062,0.546,-0.042,0.007,0.018,-7.467,86.976,593.037,55.435265,-5.68591,434977.72
537523,20.65,101915.83,81,-9.783,-0.101,0.546,-0.042,0.007,0.019,-7.597,87.002,593.304,55.435265,-5.68591,434977.72
537772,20.65,101915.89,80.99,-9.78,-0.065,0.522,-0.041,0.007,0.019,-7.039,86.969,593.574,55.435265,-5.68591,434977.72
538020,20.65,101916.05,80.98,-9.792,-0.084,0.546,-0.042,0.007,0.019,-7.95,86.972,593.836,55.435265,-5.68591,434977.72
538269,20.65,101916.05,80.98,-9.795,-0.065,0.539,-0.041,0.007,0.018,-7.549,86.98,594.104,55.435265,-5.68591,434977.72
538523,20.65,101915.56,81.02,-9.792,-0.055,0.536,-0.043,0.007,0.019,-7.604,86.954,594.375,55.435265,-5.68591,434977.72
538772,20.65,101915.07,81.06,-9.785,-0.06,0.517,-0.043,0.007,0.019,-7.66,86.968,594.642,55.435265,-5.68591,434977.72
539022,20.65,101915.56,81.02,-9.792,-0.045,0.522,-0.042,0.007,0.019,-7.514,86.985,594.915,55.435265,-5.68591,434977.72
539272,20.65,101915.81,81,-9.792,-0.069,0.565,-0.041,0.007,0.018,-7.756,86.96,595.182,55.435265,-5.68591,434977.72
539519,20.65,101915.65,81.01,-9.787,-0.074,0.546,-0.042,0.008,0.018,-7.296,86.987,595.449,55.435265,-5.68591,434977.72
539768,20.65,101915.9,80.99,-9.785,-0.065,0.527,-0.043,0.007,0.018,-7.717,86.994,595.717,55.435265,-5.68591,434977.72
540021,20.65,101915.9,80.99,-9.78,-0.062,0.551,-0.042,0.007,0.019,-7.837,86.969,595.99,55.435265,-5.68591,434977.72
540270,20.65,101915.73,81.01,-9.804,-0.084,0.517,-0.043,0.008,0.018,-7.81,86.974,596.258,55.435265,-5.68591,434977.72
540524,20.65,101915.08,81.06,-9.783,-0.06,0.522,-0.041,0.007,0.019,-7.561,86.965,596.531,55.435265,-5.68591,434977.72
540773,20.65,101915.57,81.02,-9.804,-0.041,0.558,-0.042,0.008,0.018,-7.541,86.954,596.8,55.435265,-5.68591,434977.72
541022,20.66,101916.28,80.96,-9.785,-0.057,0.52,-0.043,0.007,0.02,-7.434,87.008,597.063,55.435265,-5.68591,434977.72
541271,20.66,101916.44,80.95,-9.768,-0.06,0.543,-0.042,0.008,0.019,-7.659,86.966,597.333,55.435265,-5.68591,434977.72
541525,20.66,101917.51,80.86,-9.787,-0.079,0.541,-0.043,0.008,0.018,-7.63,86.95,597.602,55.435265,-5.68591,434977.72
541768,20.66,101917.02,80.9,-9.761,-0.062,0.517,-0.041,0.008,0.018,-7.515,86.959,597.866,55.435265,-5.68591,434977.72
542019,20.66,101917.51,80.86,-9.79,-0.086,0.546,-0.042,0.007,0.019,-7.914,87.004,598.14,55.435265,-5.68591,434977.72
542269,20.66,101917.67,80.85,-9.799,-0.069,0.546,-0.042,0.007,0.019,-7.233,87.005,598.409,55.435265,-5.68591,434977.72
542522,20.66,101918.33,80.79,-9.787,-0.05,0.558,-0.042,0.006,0.019,-7.581,86.992,598.68,55.435265,-5.68591,434977.72
542771,20.66,101918,80.82,-9.771,-0.062,0.546,-0.042,0.008,0.019,-7.642,86.956,598.949,55.435265,-5.68591,434977.72
543020,20.66,101918.16,80.79,-9.78,-0.055,0.536,-0.042,0.007,0.019,-7.397,86.963,599.218,55.435265,-5.68591,434977.72
543270,20.66,101917.84,80.83,-9.78,-0.065,0.52,-0.042,0.007,0.018,-7.745,86.96,599.484,55.435265,-5.68591,434977.72
543523,20.66,101916.86,80.91,-9.787,-0.06,0.534,-0.041,0.007,0.019,-7.579,86.951,599.757,55.435265,-5.68591,434977.72
543772,20.66,101916.61,80.93,-9.787,-0.067,0.543,-0.042,0.007,0.019,-7.502,86.966,600.027,55.435265,-5.68591,434977.72
544018,20.66,101916.61,80.93,-9.785,-0.06,0.517,-0.042,0.008,0.019,-7.607,86.957,600.294,55.435265,-5.68591,434977.72
544268,20.66,101916.94,80.91,-9.802,-0.081,0.572,-0.042,0.008,0.019,-7.458,86.995,600.56,55.435265,-5.68591,434977.72
544521,20.66,101917.81,80.84,-9.783,-0.055,0.522,-0.042,0.007,0.018,-7.161,86.989,600.83,55.435265,-5.68591,434977.72
544770,20.66,101918.14,80.81,-9.787,-0.067,0.51,-0.042,0.007,0.019,-7.59,86.985,601.1,55.435265,-5.68591,434977.72
545020,20.66,101918.47,80.78,-9.785,-0.077,0.522,-0.043,0.007,0.019,-7.556,87.005,601.37,55.435265,-5.68591,434977.72
545270,20.66,101918.63,80.77,-9.761,-0.124,0.522,-0.03,0.007,0.019,-7.782,86.98,601.643,55.435265,-5.68591,434977.72
545523,20.66,101917.66,80.85,-9.809,-0.065,0.567,-0.03,0.009,0.019,-7.366,86.938,601.918,55.435265,-5.68591,434977.72
545772,20.66,101911.44,81.36,-66.501,1.556,2.602,-0.06,-0.001,-0.199,1.568,86.718,600.603,55.435265,-5.68591,434977.72
546019,20.66,101891.66,83,-64.837,0.084,1.906,0.273,-0.258,-0.415,3.626,85.866,596.93,55.435265,-5.68591,434977.72
546268,20.66,101843.11,87.01,-63.252,1.077,0.338,0.433,-0.348,-0.332,36.645,84.885,592.006,55.435265,-5.68591,434977.72
546521,20.67,101750.35,94.68,-61.991,1.623,-0.807,0.386,-0.326,-0.204,78.028,83.736,588.021,55.435265,-5.68591,434977.72
546770,20.66,101631.44,104.52,-60.176,1.786,-1.982,-0.077,-0.069,-0.001,109.989,84.343,586.526,55.435265,-5.68591,434977.72
547018,20.66,101457.37,118.95,-57.377,0.929,-1.489,-0.358,0.091,0.192,121.864,86.598,588.06,55.435265,-5.68591,434977.72
547268,20.66,101259.28,135.39,-54.3,-0.936,-1.252,0.158,-0.022,0.215,39.378,87.976,591.346,55.435265,-5.68591,434977.72
547521,20.66,101065.95,151.46,-52.668,-1.674,-1.164,0.174,-0.059,-0.083,-56.46,87.462,592.397,55.435257,-5.685915,434976.81
547770,20.66,100798.08,173.76,-33.026,-0.227,-1.472,1.011,-0.121,-0.095,-108.758,86.958,590.597,55.435257,-5.685915,434976.81
548018,20.66,100501.77,198.5,-2.207,-0.029,-0.962,1.571,0.048,-0.139,-124.063,82.12,589.215,55.435257,-5.685915,434976.81
548273,20.66,100197.23,223.97,2.94,2.265,0.089,1.478,0.037,-0.204,26.428,11.213,586.346,55.435257,-5.685915,434976.81
548520,20.66,99930.7,246.32,3.108,1.92,-0.57,2.215,-0.001,0.066,84.715,-25.568,585.623,55.435238,-5.685913,434974.97
548769,20.66,99637.34,270.98,2.899,0.548,0.12,1.994,0.08,0.033,117.272,-52.071,586.557,55.435238,-5.685913,434974.97
549018,20.66,99349.39,295.24,2.49,0.326,0.589,1.538,0.022,0.009,97.586,-63.132,586.703,55.435238,-5.685913,434974.97
549268,20.65,99105.36,315.84,2.025,0.168,0.409,1.335,-0.001,0.072,70.994,-70.903,587.297,55.435238,-5.685913,434974.97
549521,20.65,98835.92,338.64,2.361,-0.199,0.462,1.164,0.026,0.012,27.89,-74.924,588.07,55.434811,-5.685603,434941.03
549770,20.65,98570.52,361.15,2.296,0.026,0.342,1.052,0.002,-0.012,19.566,-77.199,587.876,55.434811,-5.685603,434941.03
550019,20.65,98314.67,382.89,2.157,0.127,0.211,0.946,0.038,0.033,33.129,-78.525,588.055,55.434811,-5.685603,434941.03
550269,20.65,98103.91,400.83,2.016,-0.254,0.479,0.882,0.072,0.003,12.364,-79.05,588.459,55.434811,-5.685603,434941.03
550522,20.65,97869.17,420.85,1.903,-0.168,0.51,0.852,0.011,-0.062,-1.123,-74.942,587.984,55.434669,-5.684396,434960.69
550771,20.65,97642.87,440.19,1.765,0.01,0.218,0.804,0.016,-0.044,4.814,-77.978,587.148,55.434669,-5.684396,434960.69
551018,20.65,97458.01,458.65,1.657,0.031,0.376,0.753,0.052,-0.041,7.313,-78.552,586.555,55.434669,-5.684396,434960.69
551268,20.65,97248.22,474.01,1.542,-0.127,0.539,0.737,0.047,-0.036,4.496,-75.921,586.089,55.434669,-5.684396,434960.69
551521,20.65,97048.31,491.18,1.427,0.024,0.603,0.75,-0.012,-0.013,10.781,-71.107,585.623,55.434555,-5.683923,434962.53
551771,20.65,96857.52,507.59,1.334,-0.213,0.479,0.733,-0.015,-0.007,3.893,-71.307,585.581,55.434555,-5.683923,434962.53
552022,20.65,96703.48,520.86,1.231,-0.292,0.318,0.699,0.003,-0.049,-8.975,-71.308,585.176,55.434555,-5.683923,434962.53
552272,20.65,96531.51,535.7,1.147,-0.223,0.395,0.675,0.022,-0.092,-17.493,-70.524,584.136,55.434555,-5.683923,434962.53
552525,20.64,96365.34,550.05,1.068,-0.086,0.522,0.66,0.001,-0.111,-12.651,-67.646,582.646,55.434464,-5.683436,434967
552768,20.64,96205.96,563.84,0.977,0.041,0.5,0.657,-0.026,-0.068,1.609,-65.483,581.356,55.434464,-5.683436,434967
553023,20.64,96075.72,575.12,0.898,-0.081,0.51,0.664,-0.043,-0.031,6.236,-64.093,580.681,55.434464,-5.683436,434967
553273,20.64,95931.19,587.66,0.831,-0.218,0.496,0.66,-0.051,-0.031,-1.259,-61.759,580.294,55.434464,-5.683436,434967
553520,20.64,95794.3,599.54,0.766,-0.189,0.611,0.642,-0.07,-0.06,-6.979,-57.771,579.654,55.43438,-5.682943,434972.44
553769,20.64,95683.05,609.21,0.728,-0.132,0.649,0.655,-0.122,-0.057,-4.057,-53.182,578.781,55.43438,-5.682943,434972.44
554019,20.64,95560.72,619.85,0.661,-0.06,0.577,0.661,-0.152,-0.032,0.339,-52.582,578.118,55.43438,-5.682943,434972.44
554269,20.64,95445.9,629.85,0.639,-0.055,0.505,0.65,-0.157,0.003,3.182,-52.574,577.917,55.43438,-5.682943,434972.44
554522,20.64,95338.86,639.18,0.543,-0.086,0.503,0.626,-0.146,0.029,2.242,-51.605,578.18,55.434216,-5.682595,434965.84
554771,20.64,95254.44,646.55,0.505,-0.108,0.479,0.598,-0.129,0.045,0.785,-50.495,578.727,55.434216,-5.682595,434965.84
555019,20.64,95161.58,654.66,0.469,-0.06,0.637,0.602,-0.128,0.056,2.258,-46.841,579.429,55.434216,-5.682595,434965.84
555268,20.64,95075.31,662.19,0.448,-0.014,0.625,0.621,-0.146,0.086,5.408,-41.904,580.415,55.434216,-5.682595,434965.84
555521,20.64,95008.29,668.99,0.39,0.062,0.608,0.629,-0.157,0.133,10.133,-39.229,581.982,55.434074,-5.682199,434962.81
555771,20.63,94936.64,674.32,0.4,0.06,0.572,0.628,-0.152,0.185,13.413,-37.71,584.274,55.434074,-5.682199,434962.81
556021,20.64,94873.11,679.88,0.393,0.062,0.553,0.624,-0.131,0.234,16.503,-37.613,587.325,55.434074,-5.682199,434962.81
556270,20.64,94815.06,684.97,0.357,0.077,0.524,0.607,-0.095,0.273,16.716,-36.554,590.959,55.434074,-5.682199,434962.81
556524,20.64,94771.03,688.82,0.347,0.057,0.5,0.581,-0.056,0.305,17.025,-35.643,595.148,55.433945,-5.681798,434961.12
556773,20.64,94727.17,692.67,0.328,0.072,0.481,0.542,-0.008,0.326,16.768,-35.282,599.708,55.433945,-5.681798,434961.12
557021,20.64,94690.81,695.86,0.309,0.055,0.448,0.51,0.044,0.339,17.407,-34.613,604.465,55.433945,-5.681798,434961.12
557271,20.64,94660.32,698.53,0.323,0.055,0.429,0.476,0.096,0.343,16.535,-34.599,609.356,55.433945,-5.681798,434961.12
557524,20.64,94640.27,700.29,0.314,0.065,0.414,0.443,0.147,0.341,16.442,-34.003,614.293,55.433823,-5.681396,434960.19
557768,20.64,94623.47,701.76,0.311,0.072,0.417,0.414,0.193,0.338,15.85,-33.944,619.063,55.433823,-5.681396,434960.19
558021,20.64,94614.02,702.59,0.33,0.019,0.421,0.391,0.235,0.324,16.154,-32.948,623.859,55.433823,-5.681396,434960.19
558270,20.64,94611.41,702.82,0.318,0.01,0.412,0.374,0.261,0.305,11.587,-33.101,628.35,55.433823,-5.681396,434960.19
558523,20.64,94616.14,702.41,0.328,-0.062,0.436,0.361,0.283,0.277,6.903,-32.938,632.56,55.433887,-5.681183,434972.62
558772,20.63,94626.67,701.48,0.35,-0.062,0.467,0.346,0.294,0.244,3.544,-32.646,636.268,55.433887,-5.681183,434972.62
559023,20.64,94644.99,699.87,0.373,-0.093,0.479,0.343,0.292,0.2,2.092,-30.841,639.41,55.433887,-5.681183,434972.62
559273,20.64,94665.38,698.09,0.388,-0.139,0.52,0.348,0.276,0.148,-3.93,-31.095,641.907,55.433887,-5.681183,434972.62
559521,20.64,94696.52,695.36,0.385,-0.156,0.548,0.37,0.242,0.096,-6.618,-30.361,643.636,55.433784,-5.680788,434973.44
559770,20.64,94734.19,692.05,0.405,-0.103,0.572,0.391,0.199,0.053,-6.483,-31.406,644.681,55.433784,-5.680788,434973.44
560020,20.64,94771.41,688.79,0.448,-0.067,0.467,0.411,0.155,0.023,-4.138,-33.425,645.196,55.433784,-5.680788,434973.44
560269,20.64,94820.98,684.45,0.45,0.005,0.402,0.404,0.149,0.022,1.397,-40.114,645.492,55.433784,-5.680788,434973.44
560522,20.64,94878.06,679.45,0.508,-0.091,0.362,0.391,0.169,0.022,-0.492,-46.545,645.849,55.433624,-5.680348,434969.78
560771,20.64,94943.88,673.69,0.546,-0.144,0.407,0.382,0.181,-0.006,-6.872,-48.357,645.968,55.433624,-5.680348,434969.78
561018,20.64,95005.25,668.32,0.589,-0.151,0.453,0.382,0.176,-0.038,-8.823,-48.279,645.647,55.433624,-5.680348,434969.78
561273,20.64,95081.73,661.63,0.644,-0.136,0.548,0.404,0.144,-0.061,-8.33,-47.801,644.902,55.433624,-5.680348,434969.78
561521,20.64,95164.91,654.37,0.67,-0.043,0.51,0.436,0.091,-0.071,-4.423,-48.035,643.935,55.433483,-5.679943,434967.06
561770,20.64,95255.09,646.49,0.73,-0.029,0.436,0.453,0.063,-0.051,0.49,-52.015,643.05,55.433483,-5.679943,434967.06
562018,20.64,95338.45,639.22,0.79,-0.096,0.424,0.462,0.06,-0.04,1.156,-55.556,642.424,55.433483,-5.679943,434967.06
562273,20.64,95441.2,630.26,0.838,-0.127,0.383,0.465,0.065,-0.045,-3.062,-59.274,641.792,55.433483,-5.679943,434967.06
562521,20.64,95553.25,620.5,0.898,-0.187,0.472,0.472,0.06,-0.068,-9.122,-60.06,641.022,55.433331,-5.679558,434962.62
562770,20.64,95653.2,611.81,0.936,-0.168,0.565,0.495,0.028,-0.091,-9.833,-59.082,639.835,55.433331,-5.679558,434962.62
563022,20.64,95774.89,601.23,1.01,-0.012,0.474,0.531,-0.022,-0.079,-2.743,-59.635,638.537,55.433331,-5.679558,434962.62
563271,20.64,95904.07,590.01,1.097,0.12,0.455,0.541,-0.021,-0.036,6.087,-64.519,637.72,55.433331,-5.679558,434962.62
563519,20.64,96018.84,578.33,1.178,0,0.393,0.546,-0.009,0.007,10.677,-67.465,637.602,55.433197,-5.679203,434959.28
563769,20.64,96161.91,567.66,1.216,-0.29,0.323,0.548,0.008,-0.002,-3.353,-68.763,637.772,55.433197,-5.679203,434959.28
564022,20.64,96314.67,554.43,1.329,-0.275,0.469,0.534,0.008,-0.075,-15.241,-67.86,637.142,55.433197,-5.679203,434959.28
564271,20.64,96469.83,541.02,1.379,-0.024,0.474,0.57,-0.021,-0.087,-9.335,-68.54,635.882,55.433197,-5.679203,434959.28
564525,20.64,96629.4,527.25,1.48,0.124,0.45,0.599,-0.044,-0.019,7.298,-69.966,635.103,55.433083,-5.678843,434957.94
564768,20.64,96773.97,514.79,1.566,-0.136,0.335,0.606,-0.023,0.01,5.033,-73.468,635.144,55.433083,-5.678843,434957.94
565021,20.64,96951.77,499.48,1.611,-0.259,0.52,0.607,-0.016,-0.025,-4.313,-73.265,635.055,55.433083,-5.678843,434957.94
565270,20.64,97133.88,483.82,1.717,-0.283,0.539,0.643,-0.052,-0.056,-9.115,-71.867,634.391,55.433083,-5.678843,434957.94
565523,20.64,97295.12,469.98,1.788,-0.074,0.424,0.663,-0.076,-0.062,-6.401,-73.617,633.437,55.432972,-5.678503,434956.44
565773,20.64,97489.83,453.29,1.887,-0.036,0.373,0.679,-0.048,-0.038,-3.276,-76.8,632.748,55.432972,-5.678503,434956.44
566023,20.64,97691.07,436.07,2.016,0.141,0.287,0.676,0.001,0.021,13.067,-78.813,632.631,55.432972,-5.678503,434956.44
566273,20.64,97897.23,418.46,2.081,-0.299,0.63,0.72,0.02,0.063,17.967,-77.512,633.343,55.432972,-5.678503,434956.44
566520,21.01,100223.45,221.78,5.476,0.838,-0.807,0.975,1.939,0.835,55.02,-42.505,638.204,55.432865,-5.678163,434955.34
566769,22.17,99372.16,293.32,-66.554,-7.087,16.305,4.964,8.731,-5.333,53.613,68.236,650.569,55.432865,-5.678163,434955.34
567018,22.84,99099.61,316.33,78.451,-78.453,-78.453,6.606,6.158,3.515,45.021,28.652,625.631,55.432865,-5.678163,434955.34
567268,23.2,99074.97,318.41,-78.453,-0.019,64.414,-8.731,-8.731,-8.731,21.031,29.377,591.252,55.432865,-5.678163,434955.34
567521,23.29,99171.44,310.26,27.107,9.431,-33.399,-8.731,8.151,6.534,-89.108,30.074,562.508,55.432762,-5.677822,434954.62
567770,23.26,99280.7,301.04,3.728,-21.572,-23.399,-4.037,7.758,0.626,-170.176,83.662,641.424,55.432762,-5.677822,434954.62
568022,23.2,99383.09,292.4,4.623,14.466,-23.765,-4.596,-4.949,2.719,-133.932,0.775,628.941,55.432762,-5.677822,434954.62
568272,23.14,99468.09,285.23,2.665,-12.155,-9.486,7.663,1.62,-1.174,-9.297,-9.244,680.321,55.432762,-5.677822,434954.62
568520,23.08,99542.91,278.93,-0.213,0.862,-13.156,-7.566,-2.337,0.708,-105.087,-28.338,675.714,55.432724,-5.677358,434963.84
568769,23.05,99598.47,274.25,-3.261,0.385,-7.918,3.948,-0.267,2.843,52.883,-18.918,705.332,55.432724,-5.677358,434963.84
569020,23.03,99650.52,269.87,-1.887,-6.622,-3.273,-0.088,-0.629,-0.622,-5.326,7.434,714.759,55.432724,-5.677358,434963.84
569270,23.02,99692.05,266.38,-0.536,-0.912,-11.858,-3.096,0.301,-0.36,-132.65,2.664,702.48,55.432724,-5.677358,434963.84
569523,23.01,99726.41,263.49,0.642,-5.672,-9.112,3.163,1.599,0.745,-124.501,7.583,710.359,55.432705,-5.676793,434977.78
569772,23.01,99755.59,261.04,1.48,-5.246,-10.46,-1.481,0.431,0.816,-153.605,9.853,723.845,55.432705,-5.676793,434977.78
570020,23.02,99792.63,257.92,3.615,-5.088,-6.926,1,0.732,-0.867,-136.22,6.436,720.024,55.432705,-5.676793,434977.78
570271,23.03,99827.75,254.97,5.916,-3.982,-9.589,-0.02,0.053,0.427,-153.19,-12.289,717.483,55.432838,-5.676293,435005.06
570522,23.03,99855.91,252.61,6.067,-5.82,-8.14,0.71,0.947,1.088,-139.619,-21.134,731.202,55.432838,-5.676293,435005.06
570771,23.04,99888.73,249.85,6.812,-3.63,-5.892,-1.496,4.171,1.344,-150.08,-7.541,747.799,55.432838,-5.676293,435005.06
571023,23.04,99916.93,247.48,4.733,-10.915,1.489,-5.216,5.142,3.548,-183.567,38.885,788.86,55.432838,-5.676293,435005.06
571269,23.04,99935.78,245.9,2.162,-5.44,-4.712,-5.15,2.274,-0.14,-190.304,33.478,809.052,55.432972,-5.675771,435033
571520,23.05,99962.96,243.62,4.963,-3.462,-6.282,4.241,-0.719,-2.753,-158.433,11.419,790.866,55.432972,-5.675771,435033
571769,23.05,99989.94,241.35,5.428,-5.471,-7.3,2.424,-2.156,-0.746,-116.453,-38.038,764.716,55.432972,-5.675771,435033
572022,23.06,100016.78,239.1,3.639,-4.604,-9.005,-1.943,0.159,1.409,-142.008,-36.649,766.974,55.432972,-5.675771,435033
572268,23.05,100040.32,237.13,0.23,-7.563,-8.068,1.651,0.414,2.244,-135.045,-18.637,796.437,55.433094,-5.675298,435058.44
572523,23.05,100070.66,234.58,-4.264,-6.68,-7.223,0.333,-1.155,1.425,-134.007,-2.332,823.735,55.433094,-5.675298,435058.44
572770,23.05,100101.81,231.97,-4.906,-5.025,-5.157,-0.933,-0.37,-1.049,-131.859,8.28,829.136,55.433094,-5.675298,435058.44
573020,23.05,100126.41,229.91,-2.164,-5.887,-8.452,-0.774,2.423,-2.886,-146.771,33.989,793.025,55.433094,-5.675298,435058.44
573269,23.05,100154.45,227.56,3.618,-2.33,-3.132,1.9,1.041,-1.732,-138.243,23.406,764.229,55.433094,-5.675298,435058.44
573521,23.05,100186.76,224.85,6.56,-7.796,-8.183,2.947,-0.568,-1.049,-120.846,-13.208,752.405,55.433086,-5.675178,435061.03
573770,23.05,100213.78,222.18,5.995,-7.319,-6.184,0.851,-0.357,-1.76,-105.111,-26.439,731.353,55.433086,-5.675178,435061.03
574037,23.04,100251.13,219.46,5.624,-6.299,-6.055,1.361,-0.931,-1.124,-106.258,-35.918,708.397,55.433086,-5.675178,435061.03
574270,23.03,100277.01,217.29,5.442,-6.574,-7.07,1.472,-1.08,-1.156,-111.58,-43.226,694.072,55.433086,-5.675178,435061.03
574523,23.02,100306.69,214.81,5.14,-5.655,-7.592,3.288,-0.668,-1.631,-103.798,-41.717,674.767,55.433056,-5.675818,435040.06
574772,23.01,100332.16,212.68,3.488,-5.437,-5.344,1.049,-1.265,-1.729,-102.032,-42.768,650.676,55.433056,-5.675818,435040.06
575020,23,100360.33,210.32,4.439,-5.964,-7.367,2.317,-1.29,-1.841,-105.048,-47.624,626.014,55.433056,-5.675818,435040.06
575270,22.98,100388.67,207.95,4.975,-8.112,-7.439,1.027,-1.698,-1.831,-105.677,-49.078,598.859,55.433056,-5.675818,435040.06
575520,22.98,100415.19,205.73,5.057,-6.867,-7.132,1.019,-1.725,-1.714,-116.395,-51.294,571.95,55.433056,-5.675818,435040.06
575768,22.97,100446.07,203.15,4.302,-6.323,-5.734,1.312,-1.455,-1.76,-113.353,-51.854,547.817,55.433056,-5.675818,435040.06
576040,22.96,100477.1,200.56,4.276,-5.851,-5.033,0.851,-1.342,-1.189,-110.594,-58.22,524.793,55.433056,-5.675818,435040.06
576272,22.96,100506.99,198.06,4.786,-6.665,-5.926,0.788,-0.314,-1.321,-117.544,-49.066,510.223,55.433056,-5.675818,435040.06
576524,22.95,100533.73,195.82,5.897,-6.922,-5.756,-0.495,-0.516,-0.285,-120.296,-42.291,495.791,55.432846,-5.677893,434961
576773,22.94,100564.14,193.28,5.313,-6.373,-5.404,0.29,-0.132,0.169,-126.804,-37.57,494.611,55.432846,-5.677893,434961
577018,22.93,100593.62,190.82,5.655,-7.441,-6.455,-0.671,-0.059,0.593,-132.244,-35.428,500.87,55.432846,-5.677893,434961
577268,22.92,100618.58,188.74,4.731,-6.285,-5.528,-1.348,0.382,0.427,-140.651,-29.808,508.12,55.432846,-5.677893,434961
577521,22.91,100646.75,186.39,4.427,-6.043,-5.413,-0.552,0.464,0.368,-141.899,-25.264,514.503,55.432922,-5.677981,434966.12
577770,22.9,100676.02,183.94,4.92,-6.294,-6.45,-0.695,0.345,0.487,-145.108,-23.143,520.388,55.432922,-5.677981,434966.12
578020,22.89,100701.44,181.82,4.899,-6.17,-6.302,-0.155,0.046,0.249,-142.289,-24.1,524.986,55.432922,-5.677981,434966.12
578269,22.88,100731.16,179.34,4.135,-5.329,-5.588,0.719,-0.011,-0.294,-136.488,-26.151,524.276,55.432922,-5.677981,434966.12
578523,22.87,100760.66,176.88,4.096,-5.768,-5.806,0.657,-0.029,-0.782,-129.825,-27.752,516.693,55.432896,-5.678035,434961.97
578772,22.86,100791.12,174.34,4.424,-5.962,-5.61,0.481,-0.143,-0.835,-126.355,-28.625,504.333,55.432896,-5.678035,434961.97
579022,22.85,100818.54,172.06,4.477,-5.787,-5.574,0.6,-0.393,-1.119,-123.985,-30.928,490.428,55.432896,-5.678035,434961.97
579272,22.84,100851.86,169.28,5.16,-6.522,-6.639,0.506,-0.955,-1.461,-127.384,-36.599,472.377,55.432896,-5.678035,434961.97
579519,22.84,100885.35,166.49,4.915,-5.839,-6.859,1.063,-2.002,-1.82,-122.603,-45.105,446.727,55.432903,-5.678093,434961.09
579768,22.82,100911.16,164.34,5.045,-7.863,-9.306,2.639,-2.54,-1.789,-118.267,-56.693,421.132,55.432903,-5.678093,434961.09
580020,22.81,100941.62,161.8,4.053,-6.79,-5.428,2.282,-1.532,-2.131,-95.24,-59.561,392.827,55.432903,-5.678093,434961.09
580270,22.8,100970.39,159.41,5.054,-7.233,-6.148,0.323,-1.032,-1.489,-108.125,-55.041,369.894,55.432903,-5.678093,434961.09
580523,22.79,100998.71,157.05,4.999,-6.182,-4.29,0.001,-0.653,-0.456,-113.717,-48.951,355.324,55.432903,-5.678126,434960.16
580772,22.78,101032.77,154.22,6.297,-8.004,-6.124,-0.698,0.238,0.755,-125.619,-41.684,358.46,55.432903,-5.678126,434960.16
581021,22.77,101064.2,151.6,5.32,-8.61,-7.281,-1.778,1.169,1.052,-141.863,-27.528,374.024,55.432903,-5.678126,434960.16
581271,22.76,101095.09,149.03,5.128,-7.276,-6.73,-1.104,1.251,1.334,-148.952,-14.96,390.81,55.432903,-5.678126,434960.16
581524,22.75,101121.94,146.8,4.925,-6.393,-6.321,-1.986,1.317,1.153,-153.264,-9.213,407.588,55.432926,-5.678118,434962.66
581773,22.74,101150.83,144.4,5.49,-6.577,-7.391,-0.398,1.082,0.808,-155.343,-9.895,423.16,55.432926,-5.678118,434962.66
582051,22.73,101177.12,142.21,5.54,-5.94,-6.907,-0.7,0.677,0.177,-156.679,-7.656,428.978,55.432926,-5.678118,434962.66
582272,22.71,101202.49,140.11,5.148,-5.555,-6.223,0.742,-0.025,-0.546,-143.255,-18.403,426.597,55.432926,-5.678118,434962.66
582520,22.7,101232.2,137.64,5.301,-6.175,-7.321,1.63,-0.499,-1.562,-132.272,-27.542,410.595,55.43298,-5.678082,434969.03
582769,22.69,101261.37,135.21,4.101,-5.59,-6,1.29,-1.191,-1.718,-119.395,-36.8,386.906,55.43298,-5.678082,434969.03
583018,22.68,101285.5,133.21,3.4,-6.855,-7.683,2.069,-2.278,-2.99,-108.871,-48.324,352.434,55.43298,-5.678082,434969.03
583273,22.67,101311.88,131.02,2.938,-5.612,-6.261,2.053,-2.691,-3.247,-107.575,-54.854,305.11,55.43298,-5.678082,434969.03
583521,22.66,101340.77,128.62,4.025,-6.9,-6.697,1.512,-2.761,-2.774,-108.339,-60.779,261.99,55.433037,-5.678068,434975.09
583770,22.64,101371.23,126.09,4.053,-6.721,-5.89,1.029,-2.483,-2.096,-112.493,-63.905,227.062,55.433037,-5.678068,434975.09
584054,22.63,101399.62,123.74,5.827,-7.415,-6.096,1.357,-1.768,-1.074,-104.273,-72.719,201.955,55.433037,-5.678068,434975.09
584269,22.63,101426.14,121.54,5.768,-6.914,-4.915,-0.144,-0.969,-0.138,-112.332,-63.285,194.824,55.433037,-5.678068,434975.09
584522,22.62,101457.41,118.94,5.569,-7.508,-5.04,-0.713,0.264,0.723,-125.018,-47.811,199.23,55.433094,-5.678082,434980.44
584771,22.61,101481.28,116.97,5.097,-7.925,-6.56,-1.643,1.403,0.879,-138.937,-27.161,211.713,55.433094,-5.678082,434980.44
585021,22.6,101513.53,114.29,4.463,-7.235,-5.897,-1.764,1.548,1.202,-149.489,-11.334,226.843,55.433094,-5.678082,434980.44
585271,22.6,101545.94,111.61,4.69,-6.244,-7.235,-1.824,1.858,0.93,-161.529,-1.956,239.397,55.433094,-5.678082,434980.44
585524,22.59,101576.87,109.04,5.794,-6.656,-7.362,-1.027,1.641,0.451,-157.601,-2.463,251.091,55.433132,-5.678131,434982.84
585773,22.58,101608.62,106.41,5.933,-5.171,-6.187,0.478,0.411,-0.042,-146.692,-11.645,254.315,55.433132,-5.678131,434982.84
586020,22.57,101642.62,103.6,5.411,-4.913,-5.899,1.107,-0.414,-0.251,-138.27,-25.725,251.722,55.433132,-5.678131,434982.84
586270,22.56,101676.38,100.8,6.194,-5.6,-6.495,1.243,-0.533,-0.812,-124.538,-34.9,243.408,55.433132,-5.678131,434982.84
586523,22.55,101703.78,98.53,6.876,-6.85,-8.013,2.157,-0.855,-1.401,-114.748,-41.577,229.171,55.433151,-5.678171,434983.62
586772,22.54,101734.16,96.02,6.347,-7.937,-9.491,2.908,-1.413,-2.468,-106.187,-44.802,200.923,55.433151,-5.678171,434983.62
587022,22.52,101762.49,93.68,4.391,-7.35,-8.885,2.966,-1.889,-3.549,-90.528,-51.41,156.112,55.433151,-5.678171,434983.62
587271,22.51,101784.31,91.87,3.354,-6.44,-7.606,1.695,-2.766,-3.667,-98.193,-55.172,103.232,55.433151,-5.678171,434983.62
587525,22.5,101812.32,89.55,3.642,-7.168,-7.269,2.259,-3.16,-3.085,-101.112,-62.28,54.33,55.43317,-5.678186,434985.09
587768,22.49,101840.7,87.21,3.912,-7.037,-5.581,0.766,-2.768,-2.437,-107.57,-65.993,15.572,55.43317,-5.678186,434985.09
588019,22.48,101867.86,84.62,3.199,3.426,-5.526,8.731,0.086,0.08,56.321,-46.961,5.41,55.43317,-5.678186,434985.09
588268,22.47,101891.73,82.99,-3.112,6.529,-22.362,-2.49,0.235,-0.188,114.788,-34.55,2.216,55.43317,-5.678186,434985.09
588522,22.46,101907.25,81.71,-0.144,5.016,-8.911,1.031,0.022,0.014,126.422,-9.637,3.418,55.433224,-5.67821,434989.75
588771,22.45,101916.78,80.92,-0.682,4.413,-8.305,0.026,0.01,0.008,142.215,-1.409,3.841,55.433224,-5.67821,434989.75
589020,22.45,101922.55,80.44,-0.718,4.42,-8.282,-0.052,0.005,0.019,146.831,1.404,4.103,55.433224,-5.67821,434989.75
589269,22.44,101926.34,80.13,-0.697,4.427,-8.327,-0.045,0.007,0.019,149.552,3.075,4.369,55.433224,-5.67821,434989.75
589522,22.43,101928.98,79.91,-0.658,4.372,-8.303,-0.039,0.007,0.018,150.672,3.746,4.639,55.433243,-5.67824,434990.81
589772,22.42,101930.31,79.76,-0.675,4.393,-8.322,-0.043,0.006,0.019,151.132,4.005,4.91,55.433243,-5.67824,434990.81
590061,22.41,101932.16,79.65,-0.673,4.398,-8.305,-0.041,0.006,0.018,151.087,4.117,5.217,55.433243,-5.67824,434990.81
590272,22.4,101933.3,79.55,-0.658,4.391,-8.31,-0.043,0.007,0.019,151.275,4.151,5.444,55.433243,-5.67824,434990.81
590525,22.4,101933.91,79.51,-0.67,4.401,-8.301,-0.042,0.007,0.018,151.369,4.186,5.714,55.433243,-5.678258,434990.31
590768,22.39,101934.83,79.43,-0.675,4.396,-8.315,-0.042,0.007,0.018,151.415,4.182,5.98,55.433243,-5.678258,434990.31
591027,22.38,101935.42,79.38,-0.661,4.41,-8.334,-0.042,0.007,0.019,151.307,4.205,6.256,55.433243,-5.678258,434990.31
591272,22.38,101936.34,79.3,-0.69,4.401,-8.329,-0.043,0.007,0.019,151.39,4.202,6.521,55.433243,-5.678258,434990.31
591525,22.37,101936.29,79.28,-0.678,4.41,-8.322,-0.042,0.007,0.019,151.428,4.21,6.791,55.433247,-5.678279,434990.09
591768,22.36,101936.77,79.27,-0.666,4.384,-8.31,-0.042,0.007,0.019,151.447,4.228,7.054,55.433247,-5.678279,434990.09
592029,22.36,101937.2,79.23,-0.663,4.405,-8.334,-0.041,0.007,0.02,151.32,4.227,7.339,55.433247,-5.678279,434990.09
592273,22.35,101937.14,79.24,-0.666,4.417,-8.32,-0.042,0.007,0.019,151.392,4.213,7.601,55.433247,-5.678279,434990.09
592520,22.34,101936.92,79.26,-0.656,4.408,-8.337,-0.042,0.007,0.019,151.419,4.211,7.865,55.433247,-5.678309,434989.25
592769,22.33,101936.2,79.32,-0.682,4.41,-8.294,-0.042,0.007,0.018,151.447,4.219,8.132,55.433247,-5.678309,434989.25
593068,22.33,101936.31,79.31,-0.666,4.398,-8.315,-0.042,0.007,0.019,151.207,4.232,8.456,55.433247,-5.678309,434989.25
593273,22.32,101936.72,79.27,-0.658,4.408,-8.327,-0.041,0.006,0.018,151.343,4.219,8.676,55.433247,-5.678309,434989.25
593520,22.32,101936.83,79.26,-0.661,4.393,-8.322,-0.041,0.007,0.019,151.401,4.221,8.94,55.433254,-5.678307,434990.09
593769,22.31,101936.77,79.27,-0.694,4.413,-8.315,-0.042,0.007,0.018,151.403,4.232,9.21,55.433254,-5.678307,434990.09
594523,22.29,101936.23,79.31,-0.678,4.417,-8.313,-0.041,0.007,0.019,151.427,4.217,10.016,55.433243,-5.678291,434989.38
594772,22.29,101936.42,79.3,-0.675,4.398,-8.31,-0.043,0.007,0.018,151.434,4.213,10.283,55.433243,-5.678291,434989.38
595026,22.28,101937.07,79.24,-0.682,4.374,-8.344,-0.041,0.007,0.019,151.337,4.223,10.558,55.433243,-5.678291,434989.38
595270,22.27,101937.66,79.2,-0.67,4.396,-8.322,-0.042,0.007,0.018,151.414,4.209,10.82,55.433243,-5.678291,434989.38
595523,22.27,101938.34,79.14,-0.68,4.401,-8.296,-0.041,0.007,0.018,151.42,4.196,11.09,55.433235,-5.678291,434988.59
595773,22.26,101938.12,79.14,-0.682,4.403,-8.31,-0.042,0.007,0.019,151.439,4.22,11.357,55.433235,-5.678291,434988.59
596028,22.26,101938.61,79.12,-0.673,4.405,-8.303,-0.041,0.007,0.019,151.35,4.239,11.633,55.433235,-5.678291,434988.59
596272,22.25,101937.86,79.18,-0.67,4.396,-8.332,-0.042,0.007,0.018,151.419,4.219,11.892,55.433235,-5.678291,434988.59
596520,22.24,101937.89,79.18,-0.675,4.429,-8.308,-0.042,0.007,0.018,151.436,4.204,12.155,55.433235,-5.678305,434988.22
596769,22.24,101937.01,79.25,-0.678,4.403,-8.327,-0.041,0.007,0.019,151.437,4.209,12.426,55.433235,-5.678305,434988.22
597033,22.23,101937.03,79.25,-0.678,4.408,-8.313,-0.042,0.008,0.018,151.324,4.225,12.708,55.433235,-5.678305,434988.22
597271,22.22,101936.81,79.27,-0.682,4.384,-8.329,-0.042,0.007,0.019,151.408,4.217,12.965,55.433235,-5.678305,434988.22
597524,22.22,101936.97,79.25,-0.673,4.408,-8.294,-0.042,0.007,0.019,151.438,4.214,13.237,55.433228,-5.678319,434987.06
597768,22.21,101936.99,79.25,-0.675,4.403,-8.308,-0.041,0.007,0.019,151.457,4.209,13.5,55.433228,-5.678319,434987.06
598078,22.21,101937.09,79.24,-0.673,4.386,-8.313,-0.042,0.007,0.018,151.223,4.254,13.828,55.433228,-5.678319,434987.06
598272,22.2,101937.34,79.26,-0.673,4.401,-8.305,-0.041,0.007,0.019,151.322,4.242,14.035,55.433228,-5.678319,434987.06
598525,22.2,101936.62,79.28,-0.678,4.401,-8.303,-0.041,0.007,0.018,151.398,4.227,14.304,55.433224,-5.678325,434986.53
